Date,Day_Of_Week,Jodi,Open_Digit,Close_Digit,Open_Patti,Close_Patti,Open_Patti_Type,Close_Patti_Type,Is_Valid,Raw_Entry
2012-12-31,Mon,51,5,1,799,155,DP,DP,True,51
2013-01-01,Tue,29,2,9,345,360,SP,SP,True,29
2013-01-02,Wed,50,5,0,339,569,DP,SP,True,50
2013-01-03,Thu,18,1,8,137,468,SP,SP,True,18
2013-01-04,Fri,84,8,4,369,680,SP,SP,True,84
2013-01-05,Sat,17,1,7,335,359,DP,SP,True,17
2013-01-07,Mon,99,9,9,478,667,SP,DP,True,99
2013-01-08,Tue,96,9,6,568,150,SP,SP,True,96
2013-01-09,Wed,33,3,3,157,256,SP,SP,True,33
2013-01-10,Thu,96,9,6,234,259,SP,SP,True,96
2013-01-11,Fri,67,6,7,349,368,SP,SP,True,67
2013-01-12,Sat,26,2,6,246,330,SP,DP,True,26
2013-01-14,Mon,,,,,,,,False,**
2013-01-15,Tue,17,1,7,290,890,SP,SP,True,17
2013-01-16,Wed,88,8,8,567,279,SP,SP,True,88
2013-01-17,Thu,99,9,9,270,234,SP,SP,True,99
2013-01-18,Fri,28,2,8,480,279,SP,SP,True,28
2013-01-19,Sat,96,9,6,199,277,DP,DP,True,96
2013-01-21,Mon,86,8,6,800,330,DP,DP,True,86
2013-01-22,Tue,16,1,6,560,178,SP,SP,True,16
2013-01-23,Wed,63,6,3,277,788,DP,DP,True,63
2013-01-24,Thu,94,9,4,117,400,DP,DP,True,94
2013-01-25,Fri,53,5,3,780,346,SP,SP,True,53
2013-01-26,Sat,,,,,,,,False,**
2013-01-28,Mon,32,3,2,148,200,SP,DP,True,32
2013-01-29,Tue,66,6,6,457,268,SP,SP,True,66
2013-01-30,Wed,70,7,0,700,145,DP,SP,True,70
2013-01-31,Thu,46,4,6,455,268,DP,SP,True,46
2013-02-01,Fri,68,6,8,240,233,SP,DP,True,68
2013-02-02,Sat,45,4,5,239,348,SP,SP,True,45
2013-02-04,Mon,19,1,9,344,379,DP,SP,True,19
2013-02-05,Tue,23,2,3,147,788,SP,DP,True,23
2013-02-06,Wed,35,3,5,779,267,DP,SP,True,35
2013-02-07,Thu,31,3,1,788,399,DP,DP,True,31
2013-02-08,Fri,09,0,9,226,199,DP,DP,True,09
2013-02-09,Sat,83,8,3,134,490,SP,SP,True,83
2013-02-11,Mon,79,7,9,368,339,SP,DP,True,79
2013-02-12,Tue,22,2,2,237,336,SP,DP,True,22
2013-02-13,Wed,79,7,9,557,450,DP,SP,True,79
2013-02-14,Thu,39,3,9,580,379,SP,SP,True,39
2013-02-15,Fri,53,5,3,230,256,SP,SP,True,53
2013-02-16,Sat,77,7,7,359,269,SP,SP,True,77
2013-02-18,Mon,67,6,7,349,278,SP,SP,True,67
2013-02-19,Tue,99,9,9,289,289,SP,SP,True,99
2013-02-20,Wed,35,3,5,166,267,DP,SP,True,35
2013-02-21,Thu,14,1,4,236,680,SP,SP,True,14
2013-02-22,Fri,03,0,3,460,139,SP,SP,True,03
2013-02-23,Sat,52,5,2,267,147,SP,SP,True,52
2013-02-25,Mon,53,5,3,889,120,DP,SP,True,53
2013-02-26,Tue,20,2,0,480,479,SP,SP,True,20
2013-02-27,Wed,41,4,1,590,678,SP,SP,True,41
2013-02-28,Thu,58,5,8,122,134,DP,SP,True,58
2013-03-01,Fri,50,5,0,168,460,SP,SP,True,50
2013-03-02,Sat,11,1,1,678,128,SP,SP,True,11
2013-03-04,Mon,38,3,8,346,260,SP,SP,True,38
2013-03-05,Tue,22,2,2,778,336,DP,DP,True,22
2013-03-06,Wed,68,6,8,600,260,DP,SP,True,68
2013-03-07,Thu,26,2,6,237,899,SP,DP,True,26
2013-03-08,Fri,22,2,2,390,679,SP,SP,True,22
2013-03-09,Sat,23,2,3,570,247,SP,SP,True,23
2013-03-11,Mon,36,3,6,157,240,SP,SP,True,36
2013-03-12,Tue,51,5,1,230,137,SP,SP,True,51
2013-03-13,Wed,92,9,2,234,246,SP,SP,True,92
2013-03-14,Thu,48,4,8,130,189,SP,SP,True,48
2013-03-15,Fri,54,5,4,780,167,SP,SP,True,54
2013-03-16,Sat,82,8,2,468,255,SP,DP,True,82
2013-03-18,Mon,16,1,6,128,600,SP,DP,True,16
2013-03-19,Tue,41,4,1,167,290,SP,SP,True,41
2013-03-20,Wed,41,4,1,789,236,SP,SP,True,41
2013-03-21,Thu,45,4,5,248,456,SP,SP,True,45
2013-03-22,Fri,10,1,0,489,145,SP,SP,True,10
2013-03-23,Sat,70,7,0,269,460,SP,SP,True,70
2013-03-25,Mon,03,0,3,569,580,SP,SP,True,03
2013-03-26,Tue,15,1,5,489,258,SP,SP,True,15
2013-03-27,Wed,,,,,,,,False,**
2013-03-28,Thu,79,7,9,160,469,SP,SP,True,79
2013-03-29,Fri,63,6,3,178,229,SP,DP,True,63
2013-03-30,Sat,43,4,3,400,247,DP,SP,True,43
2013-04-01,Mon,90,9,0,379,668,SP,DP,True,90
2013-04-02,Tue,40,4,0,167,235,SP,SP,True,40
2013-04-03,Wed,77,7,7,179,368,SP,SP,True,77
2013-04-04,Thu,52,5,2,348,237,SP,SP,True,52
2013-04-05,Fri,22,2,2,345,129,SP,SP,True,22
2013-04-06,Sat,26,2,6,345,349,SP,SP,True,26
2013-04-08,Mon,96,9,6,270,349,SP,SP,True,96
2013-04-09,Tue,22,2,2,237,570,SP,SP,True,22
2013-04-10,Wed,49,4,9,888,225,TP,DP,True,49
2013-04-11,Thu,24,2,4,156,446,SP,DP,True,24
2013-04-12,Fri,21,2,1,246,777,SP,TP,True,21
2013-04-13,Sat,50,5,0,230,569,SP,SP,True,50
2013-04-15,Mon,21,2,1,345,560,SP,SP,True,21
2013-04-16,Tue,81,8,1,170,137,SP,SP,True,81
2013-04-17,Wed,87,8,7,260,278,SP,SP,True,87
2013-04-18,Thu,50,5,0,159,668,SP,DP,True,50
2013-04-19,Fri,63,6,3,358,148,SP,SP,True,63
2013-04-20,Sat,56,5,6,168,178,SP,SP,True,56
2013-04-22,Mon,,,,234,,SP,,False,9*
2013-04-23,Tue,45,4,5,239,348,SP,SP,True,45
2013-04-24,Wed,45,4,5,266,122,DP,DP,True,45
2013-04-25,Thu,57,5,7,799,188,DP,DP,True,57
2013-04-26,Fri,92,9,2,270,480,SP,SP,True,92
2013-04-27,Sat,39,3,9,490,450,SP,SP,True,39
2013-04-29,Mon,00,0,0,127,190,SP,SP,True,00
2013-04-30,Tue,45,4,5,347,799,SP,DP,True,45
2013-05-01,Wed,81,8,1,378,335,SP,DP,True,81
2013-05-02,Thu,89,8,9,134,180,SP,SP,True,89
2013-05-03,Fri,62,6,2,457,228,SP,DP,True,62
2013-05-04,Sat,97,9,7,180,340,SP,SP,True,97
2013-05-06,Mon,22,2,2,228,156,DP,SP,True,22
2013-05-07,Tue,00,0,0,127,136,SP,SP,True,00
2013-05-08,Wed,98,9,8,270,990,SP,DP,True,98
2013-05-09,Thu,84,8,4,477,455,DP,DP,True,84
2013-05-10,Fri,06,0,6,569,556,SP,DP,True,06
2013-05-11,Sat,49,4,9,239,199,SP,DP,True,49
2013-05-13,Mon,15,1,5,489,366,SP,DP,True,15
2013-05-14,Tue,17,1,7,335,557,DP,DP,True,17
2013-05-15,Wed,68,6,8,240,279,SP,SP,True,68
2013-05-16,Thu,05,0,5,389,799,SP,DP,True,05
2013-05-17,Fri,09,0,9,479,234,SP,SP,True,09
2013-05-18,Sat,31,3,1,490,579,SP,SP,True,31
2013-05-20,Mon,87,8,7,116,700,DP,DP,True,87
2013-05-21,Tue,95,9,5,667,780,DP,SP,True,95
2013-05-22,Wed,21,2,1,336,588,DP,DP,True,21
2013-05-23,Thu,65,6,5,259,447,SP,DP,True,65
2013-05-24,Fri,52,5,2,348,390,SP,SP,True,52
2013-05-25,Sat,88,8,8,369,279,SP,SP,True,88
2013-05-27,Mon,06,0,6,370,457,SP,SP,True,06
2013-05-28,Tue,51,5,1,456,335,SP,DP,True,51
2013-05-29,Wed,00,0,0,479,479,SP,SP,True,00
2013-05-30,Thu,84,8,4,170,130,SP,SP,True,84
2013-05-31,Fri,32,3,2,346,129,SP,SP,True,32
2013-06-01,Sat,51,5,1,122,290,DP,SP,True,51
2013-06-03,Mon,69,6,9,899,577,DP,DP,True,69
2013-06-04,Tue,47,4,7,248,160,SP,SP,True,47
2013-06-05,Wed,83,8,3,125,355,SP,DP,True,83
2013-06-06,Thu,90,9,0,469,479,SP,SP,True,90
2013-06-07,Fri,16,1,6,579,349,SP,SP,True,16
2013-06-08,Sat,02,0,2,136,589,SP,SP,True,02
2013-06-10,Mon,19,1,9,137,478,SP,SP,True,19
2013-06-11,Tue,98,9,8,577,558,DP,DP,True,98
2013-06-12,Wed,83,8,3,224,580,DP,SP,True,83
2013-06-13,Thu,49,4,9,158,450,SP,SP,True,49
2013-06-14,Fri,47,4,7,400,340,DP,SP,True,47
2013-06-15,Sat,69,6,9,268,270,SP,SP,True,69
2013-06-17,Mon,60,6,0,240,578,SP,SP,True,60
2013-06-18,Tue,57,5,7,780,179,SP,SP,True,57
2013-06-19,Wed,42,4,2,789,147,SP,SP,True,42
2013-06-20,Thu,91,9,1,180,100,SP,DP,True,91
2013-06-21,Fri,73,7,3,160,157,SP,SP,True,73
2013-06-22,Sat,21,2,1,228,245,DP,SP,True,21
2013-06-24,Mon,19,1,9,579,199,SP,DP,True,19
2013-06-25,Tue,47,4,7,266,467,DP,SP,True,47
2013-06-26,Wed,85,8,5,279,159,SP,SP,True,85
2013-06-27,Thu,75,7,5,179,168,SP,SP,True,75
2013-06-28,Fri,33,3,3,229,247,DP,SP,True,33
2013-06-29,Sat,17,1,7,344,179,DP,SP,True,17
2013-07-01,Mon,83,8,3,378,148,SP,SP,True,83
2013-07-02,Tue,61,6,1,880,579,DP,SP,True,61
2013-07-03,Wed,55,5,5,339,348,DP,SP,True,55
2013-07-04,Thu,97,9,7,126,449,SP,DP,True,97
2013-07-05,Fri,43,4,3,248,445,SP,DP,True,43
2013-07-06,Sat,66,6,6,790,367,SP,SP,True,66
2013-07-08,Mon,83,8,3,567,490,SP,SP,True,83
2013-07-09,Tue,14,1,4,579,590,SP,SP,True,14
2013-07-10,Wed,54,5,4,348,130,SP,SP,True,54
2013-07-11,Thu,62,6,2,240,138,SP,SP,True,62
2013-07-12,Fri,12,1,2,137,660,SP,DP,True,12
2013-07-13,Sat,19,1,9,155,900,DP,DP,True,19
2013-07-15,Mon,03,0,3,127,256,SP,SP,True,03
2013-07-16,Tue,79,7,9,368,234,SP,SP,True,79
2013-07-17,Wed,70,7,0,890,460,SP,SP,True,70
2013-07-18,Thu,45,4,5,590,230,SP,SP,True,45
2013-07-19,Fri,69,6,9,349,289,SP,SP,True,69
2013-07-20,Sat,07,0,7,578,269,SP,SP,True,07
2013-07-22,Mon,83,8,3,279,139,SP,SP,True,83
2013-07-23,Tue,37,3,7,580,340,SP,SP,True,37
2013-07-24,Wed,39,3,9,490,379,SP,SP,True,39
2013-07-25,Thu,22,2,2,688,138,DP,SP,True,22
2013-07-26,Fri,83,8,3,459,346,SP,SP,True,83
2013-07-27,Sat,35,3,5,238,267,SP,SP,True,35
2013-07-29,Mon,61,6,1,259,137,SP,SP,True,61
2013-07-30,Tue,51,5,1,456,245,SP,SP,True,51
2013-07-31,Wed,82,8,2,260,589,SP,SP,True,82
2013-08-01,Thu,78,7,8,890,260,SP,SP,True,78
2013-08-02,Fri,47,4,7,770,160,DP,SP,True,47
2013-08-03,Sat,70,7,0,368,235,SP,SP,True,70
2013-08-05,Mon,64,6,4,178,149,SP,SP,True,64
2013-08-06,Tue,08,0,8,578,189,SP,SP,True,08
2013-08-07,Wed,21,2,1,589,137,SP,SP,True,21
2013-08-08,Thu,30,3,0,139,280,SP,SP,True,30
2013-08-09,Fri,,,,,,,,False,**
2013-08-10,Sat,78,7,8,458,145,SP,SP,True,78
2013-08-12,Mon,68,6,8,457,224,SP,DP,True,68
2013-08-13,Tue,64,6,4,259,338,SP,DP,True,64
2013-08-14,Wed,76,7,6,223,899,DP,DP,True,76
2013-08-15,Thu,,,,,,,,False,**
2013-08-16,Fri,71,7,1,250,489,SP,SP,True,71
2013-08-17,Sat,92,9,2,135,570,SP,SP,True,92
2013-08-19,Mon,05,0,5,145,159,SP,SP,True,05
2013-08-20,Tue,68,6,8,240,288,SP,DP,True,68
2013-08-21,Wed,55,5,5,249,249,SP,SP,True,55
2013-08-22,Thu,60,6,0,259,127,SP,SP,True,60
2013-08-23,Fri,08,0,8,280,477,SP,DP,True,08
2013-08-24,Sat,97,9,7,234,188,SP,DP,True,97
2013-08-26,Mon,46,4,6,680,448,SP,DP,True,46
2013-08-27,Tue,53,5,3,690,580,SP,SP,True,53
2013-08-28,Wed,39,3,9,157,239,SP,SP,True,39
2013-08-29,Thu,97,9,7,469,359,SP,SP,True,97
2013-08-30,Fri,60,6,0,268,190,SP,SP,True,60
2013-08-31,Sat,91,9,1,234,470,SP,SP,True,91
2013-09-02,Mon,75,7,5,700,339,DP,DP,True,75
2013-09-03,Tue,70,7,0,368,569,SP,SP,True,70
2013-09-04,Wed,28,2,8,248,369,SP,SP,True,28
2013-09-05,Thu,42,4,2,338,246,DP,SP,True,42
2013-09-06,Fri,45,4,5,266,799,DP,DP,True,45
2013-09-07,Sat,52,5,2,799,138,DP,SP,True,52
2013-09-09,Mon,,,,,,,,False,**
2013-09-10,Tue,01,0,1,370,290,SP,SP,True,01
2013-09-11,Wed,07,0,7,244,359,DP,SP,True,07
2013-09-12,Thu,81,8,1,260,146,SP,SP,True,81
2013-09-13,Fri,20,2,0,589,145,SP,SP,True,20
2013-09-14,Sat,48,4,8,446,189,DP,SP,True,48
2013-09-16,Mon,31,3,1,256,236,SP,SP,True,31
2013-09-17,Tue,77,7,7,458,250,SP,SP,True,77
2013-09-18,Wed,55,5,5,357,168,SP,SP,True,55
2013-09-19,Thu,27,2,7,679,359,SP,SP,True,27
2013-09-20,Fri,77,7,7,368,179,SP,SP,True,77
2013-09-21,Sat,24,2,4,570,158,SP,SP,True,24
2013-09-23,Mon,54,5,4,249,680,SP,SP,True,54
2013-09-24,Tue,95,9,5,379,889,SP,DP,True,95
2013-09-25,Wed,30,3,0,490,127,SP,SP,True,30
2013-09-26,Thu,73,7,3,467,346,SP,SP,True,73
2013-09-27,Fri,30,3,0,148,569,SP,SP,True,30
2013-09-28,Sat,59,5,9,140,135,SP,SP,True,59
2013-09-30,Mon,57,5,7,159,340,SP,SP,True,57
2013-10-01,Tue,59,5,9,690,388,SP,DP,True,59
2013-10-02,Wed,41,4,1,112,560,DP,SP,True,41
2013-10-03,Thu,68,6,8,367,567,SP,SP,True,68
2013-10-04,Fri,94,9,4,379,130,SP,SP,True,94
2013-10-05,Sat,37,3,7,779,890,DP,SP,True,37
2013-10-07,Mon,22,2,2,156,390,SP,SP,True,22
2013-10-08,Tue,03,0,3,389,166,SP,DP,True,03
2013-10-09,Wed,33,3,3,490,256,SP,SP,True,33
2013-10-10,Thu,06,0,6,578,556,SP,DP,True,06
2013-10-11,Fri,80,8,0,279,127,SP,SP,True,80
2013-10-12,Sat,71,7,1,278,236,SP,SP,True,71
2013-10-14,Mon,29,2,9,660,126,DP,SP,True,29
2013-10-15,Tue,93,9,3,289,689,SP,SP,True,93
2013-10-16,Wed,97,9,7,126,557,SP,DP,True,97
2013-10-17,Thu,33,3,3,157,157,SP,SP,True,33
2013-10-18,Fri,86,8,6,468,790,SP,SP,True,86
2013-10-19,Sat,82,8,2,468,679,SP,SP,True,82
2013-10-21,Mon,51,5,1,690,290,SP,SP,True,51
2013-10-22,Tue,03,0,3,370,157,SP,SP,True,03
2013-10-23,Wed,52,5,2,348,237,SP,SP,True,52
2013-10-24,Thu,68,6,8,178,260,SP,SP,True,68
2013-10-25,Fri,26,2,6,679,114,SP,DP,True,26
2013-10-26,Sat,03,0,3,578,346,SP,SP,True,03
2013-10-28,Mon,94,9,4,117,356,DP,SP,True,94
2013-10-29,Tue,64,6,4,880,239,DP,SP,True,64
2013-10-30,Wed,86,8,6,378,150,SP,SP,True,86
2013-10-31,Thu,40,4,0,356,578,SP,SP,True,40
2013-11-01,Fri,,,,,,,,False,**
2013-11-02,Sat,,,,,,,,False,**
2013-11-11,Mon,61,6,1,268,678,SP,SP,True,61
2013-11-12,Tue,21,2,1,156,335,SP,DP,True,21
2013-11-13,Wed,25,2,5,345,366,SP,DP,True,25
2013-11-14,Thu,54,5,4,366,112,DP,DP,True,54
2013-11-15,Fri,45,4,5,248,168,SP,SP,True,45
2013-11-16,Sat,54,5,4,348,590,SP,SP,True,54
2013-11-18,Mon,20,2,0,390,578,SP,SP,True,20
2013-11-19,Tue,21,2,1,237,380,SP,SP,True,21
2013-11-20,Wed,27,2,7,589,278,SP,SP,True,27
2013-11-21,Thu,71,7,1,890,290,SP,SP,True,71
2013-11-22,Fri,94,9,4,135,257,SP,SP,True,94
2013-11-23,Sat,97,9,7,478,269,SP,SP,True,97
2013-11-25,Mon,76,7,6,179,349,SP,SP,True,76
2013-11-26,Tue,05,0,5,190,357,SP,SP,True,05
2013-11-27,Wed,93,9,3,270,445,SP,DP,True,93
2013-11-28,Thu,01,0,1,127,470,SP,SP,True,01
2013-11-29,Fri,51,5,1,249,137,SP,SP,True,51
2013-11-30,Sat,89,8,9,260,234,SP,SP,True,89
2013-12-02,Mon,45,4,5,888,122,TP,DP,True,45
2013-12-03,Tue,31,3,1,139,588,SP,DP,True,31
2013-12-04,Wed,60,6,0,790,190,SP,SP,True,60
2013-12-05,Thu,28,2,8,570,567,SP,SP,True,28
2013-12-06,Fri,70,7,0,250,334,SP,DP,True,70
2013-12-07,Sat,76,7,6,458,114,SP,DP,True,76
2013-12-09,Mon,28,2,8,570,378,SP,SP,True,28
2013-12-10,Tue,52,5,2,456,570,SP,SP,True,52
2013-12-11,Wed,20,2,0,679,244,SP,DP,True,20
2013-12-12,Thu,41,4,1,356,227,SP,DP,True,41
2013-12-13,Fri,29,2,9,480,225,SP,DP,True,29
2013-12-14,Sat,48,4,8,680,477,SP,DP,True,48
2013-12-16,Mon,32,3,2,300,246,DP,SP,True,32
2013-12-17,Tue,67,6,7,466,124,DP,SP,True,67
2013-12-18,Wed,41,4,1,338,227,DP,DP,True,41
2013-12-19,Thu,16,1,6,290,349,SP,SP,True,16
2013-12-20,Fri,65,6,5,330,159,DP,SP,True,65
2013-12-21,Sat,79,7,9,179,126,SP,SP,True,79
2013-12-23,Mon,80,8,0,260,460,SP,SP,True,80
2013-12-24,Tue,83,8,3,567,580,SP,SP,True,83
2013-12-25,Wed,51,5,1,267,128,SP,SP,True,51
2013-12-26,Thu,54,5,4,357,257,SP,SP,True,54
2013-12-27,Fri,98,9,8,900,224,DP,DP,True,98
2013-12-28,Sat,58,5,8,267,350,SP,SP,True,58
2013-12-30,Mon,83,8,3,279,229,SP,DP,True,83
2013-12-31,Tue,08,0,8,118,233,DP,DP,True,08
2014-01-01,Wed,48,4,8,699,350,DP,SP,True,48
2014-01-02,Thu,68,6,8,259,567,SP,SP,True,68
2014-01-03,Fri,86,8,6,224,466,DP,DP,True,86
2014-01-04,Sat,52,5,2,122,228,DP,DP,True,52
2014-01-06,Mon,39,3,9,238,126,SP,SP,True,39
2014-01-07,Tue,01,0,1,280,245,SP,SP,True,01
2014-01-08,Wed,83,8,3,468,139,SP,SP,True,83
2014-01-09,Thu,32,3,2,247,688,SP,DP,True,32
2014-01-10,Fri,87,8,7,800,359,DP,SP,True,87
2014-01-11,Sat,42,4,2,239,679,SP,SP,True,42
2014-01-13,Mon,82,8,2,134,246,SP,SP,True,82
2014-01-14,Tue,,,,,,,,False,**
2014-01-15,Wed,73,7,3,124,689,SP,SP,True,73
2014-01-16,Thu,18,1,8,560,567,SP,SP,True,18
2014-01-17,Fri,78,7,8,359,350,SP,SP,True,78
2014-01-18,Sat,05,0,5,136,159,SP,SP,True,05
2014-01-20,Mon,89,8,9,350,234,SP,SP,True,89
2014-01-21,Tue,80,8,0,116,460,DP,SP,True,80
2014-01-22,Wed,20,2,0,345,460,SP,SP,True,20
2014-01-23,Thu,49,4,9,248,225,SP,DP,True,49
2014-01-24,Fri,63,6,3,259,300,SP,DP,True,63
2014-01-25,Sat,74,7,4,188,167,DP,SP,True,74
2014-01-27,Mon,87,8,7,350,557,SP,DP,True,87
2014-01-28,Tue,30,3,0,157,127,SP,SP,True,30
2014-01-29,Wed,32,3,2,256,589,SP,SP,True,32
2014-01-30,Thu,02,0,2,190,480,SP,SP,True,02
2014-01-31,Fri,16,1,6,344,349,DP,SP,True,16
2014-02-01,Sat,02,0,2,145,246,SP,SP,True,02
2014-02-03,Mon,24,2,4,688,257,DP,SP,True,24
2014-02-04,Tue,29,2,9,480,568,SP,SP,True,29
2014-02-05,Wed,86,8,6,459,259,SP,SP,True,86
2014-02-06,Thu,15,1,5,380,456,SP,SP,True,15
2014-02-07,Fri,43,4,3,130,148,SP,SP,True,43
2014-02-08,Sat,40,4,0,239,569,SP,SP,True,40
2014-02-10,Mon,09,0,9,280,126,SP,SP,True,09
2014-02-11,Tue,84,8,4,369,446,SP,DP,True,84
2014-02-12,Wed,78,7,8,449,288,DP,DP,True,78
2014-02-13,Thu,28,2,8,147,459,SP,SP,True,28
2014-02-14,Fri,90,9,0,180,244,SP,DP,True,90
2014-02-15,Sat,22,2,2,589,156,SP,SP,True,22
2014-02-17,Mon,68,6,8,178,170,SP,SP,True,68
2014-02-18,Tue,59,5,9,249,270,SP,SP,True,59
2014-02-19,Wed,02,0,2,280,237,SP,SP,True,02
2014-02-20,Thu,53,5,3,258,148,SP,SP,True,53
2014-02-21,Fri,18,1,8,335,125,DP,SP,True,18
2014-02-22,Sat,34,3,4,337,789,DP,SP,True,34
2014-02-24,Mon,81,8,1,378,470,SP,SP,True,81
2014-02-25,Tue,95,9,5,234,267,SP,SP,True,95
2014-02-26,Wed,55,5,5,456,357,SP,SP,True,55
2014-02-27,Thu,51,5,1,889,146,DP,SP,True,51
2014-02-28,Fri,65,6,5,600,177,DP,DP,True,65
2014-03-01,Sat,69,6,9,349,388,SP,DP,True,69
2014-03-03,Mon,59,5,9,690,667,SP,DP,True,59
2014-03-04,Tue,62,6,2,899,499,DP,DP,True,62
2014-03-05,Wed,12,1,2,290,336,SP,DP,True,12
2014-03-06,Thu,70,7,0,368,226,SP,DP,True,70
2014-03-07,Fri,51,5,1,690,155,SP,DP,True,51
2014-03-08,Sat,31,3,1,337,669,DP,DP,True,31
2014-03-10,Mon,69,6,9,349,180,SP,SP,True,69
2014-03-11,Tue,98,9,8,234,125,SP,SP,True,98
2014-03-12,Wed,87,8,7,189,269,SP,SP,True,87
2014-03-13,Thu,66,6,6,790,268,SP,SP,True,66
2014-03-14,Fri,24,2,4,499,680,DP,SP,True,24
2014-03-15,Sat,64,6,4,790,257,SP,SP,True,64
2014-03-17,Mon,,,,,,,,False,**
2014-03-18,Tue,83,8,3,233,490,DP,SP,True,83
2014-03-19,Wed,76,7,6,250,790,SP,SP,True,76
2014-03-20,Thu,31,3,1,148,678,SP,SP,True,31
2014-03-21,Fri,44,4,4,347,680,SP,SP,True,44
2014-03-22,Sat,46,4,6,680,556,SP,DP,True,46
2014-03-24,Mon,,,,,,,,False,**
2014-03-25,Tue,,,,,,,,False,**
2014-03-26,Wed,,,,,,,,False,**
2014-03-27,Thu,37,3,7,355,160,DP,SP,True,37
2014-03-28,Fri,21,2,1,156,470,SP,SP,True,21
2014-03-29,Sat,34,3,4,247,590,SP,SP,True,34
2014-03-31,Mon,44,4,4,590,112,SP,DP,True,44
2014-04-01,Tue,27,2,7,390,368,SP,SP,True,27
2014-04-02,Wed,26,2,6,570,349,SP,SP,True,26
2014-04-03,Thu,21,2,1,246,119,SP,DP,True,21
2014-04-04,Fri,28,2,8,246,134,SP,SP,True,28
2014-04-05,Sat,81,8,1,125,236,SP,SP,True,81
2014-04-07,Mon,09,0,9,479,568,SP,SP,True,09
2014-04-08,Tue,00,0,0,569,479,SP,SP,True,00
2014-04-09,Wed,64,6,4,268,347,SP,SP,True,64
2014-04-10,Thu,28,2,8,589,125,SP,SP,True,28
2014-04-11,Fri,02,0,2,118,570,DP,SP,True,02
2014-04-12,Sat,66,6,6,123,169,SP,SP,True,66
2014-04-14,Mon,26,2,6,129,268,SP,SP,True,26
2014-04-15,Tue,60,6,0,457,190,SP,SP,True,60
2014-04-16,Wed,58,5,8,348,468,SP,SP,True,58
2014-04-17,Thu,22,2,2,480,138,SP,SP,True,22
2014-04-18,Fri,11,1,1,344,579,DP,SP,True,11
2014-04-19,Sat,45,4,5,248,267,SP,SP,True,45
2014-04-21,Mon,44,4,4,266,590,DP,SP,True,44
2014-04-22,Tue,69,6,9,150,270,SP,SP,True,69
2014-04-23,Wed,74,7,4,359,248,SP,SP,True,74
2014-04-24,Thu,57,5,7,230,557,SP,DP,True,57
2014-04-25,Fri,44,4,4,239,590,SP,SP,True,44
2014-04-26,Sat,57,5,7,366,340,DP,SP,True,57
2014-04-28,Mon,07,0,7,677,115,DP,DP,True,07
2014-04-29,Tue,92,9,2,126,589,SP,SP,True,92
2014-04-30,Wed,60,6,0,448,235,DP,SP,True,60
2014-05-01,Thu,99,9,9,180,667,SP,DP,True,99
2014-05-02,Fri,63,6,3,169,490,SP,SP,True,63
2014-05-03,Sat,84,8,4,260,446,SP,DP,True,84
2014-05-05,Mon,45,4,5,770,177,DP,DP,True,45
2014-05-06,Tue,03,0,3,244,337,DP,DP,True,03
2014-05-07,Wed,30,3,0,157,677,SP,DP,True,30
2014-05-08,Thu,93,9,3,270,157,SP,SP,True,93
2014-05-09,Fri,91,9,1,559,146,DP,SP,True,91
2014-05-10,Sat,27,2,7,336,179,DP,SP,True,27
2014-05-12,Mon,60,6,0,259,569,SP,SP,True,60
2014-05-13,Tue,17,1,7,146,359,SP,SP,True,17
2014-05-14,Wed,69,6,9,358,180,SP,SP,True,69
2014-05-15,Thu,82,8,2,567,679,SP,SP,True,82
2014-05-16,Fri,49,4,9,257,234,SP,SP,True,49
2014-05-17,Sat,69,6,9,150,568,SP,SP,True,69
2014-05-19,Mon,77,7,7,179,269,SP,SP,True,77
2014-05-20,Tue,61,6,1,880,236,DP,SP,True,61
2014-05-21,Wed,61,6,1,268,489,SP,SP,True,61
2014-05-22,Thu,00,0,0,569,235,SP,SP,True,00
2014-05-23,Fri,39,3,9,580,450,SP,SP,True,39
2014-05-24,Sat,84,8,4,459,789,SP,SP,True,84
2014-05-26,Mon,11,1,1,146,380,SP,SP,True,11
2014-05-27,Tue,37,3,7,445,340,DP,SP,True,37
2014-05-28,Wed,14,1,4,588,112,DP,DP,True,14
2014-05-29,Thu,99,9,9,126,379,SP,SP,True,99
2014-05-30,Fri,77,7,7,250,368,SP,SP,True,77
2014-05-31,Sat,43,4,3,356,256,SP,SP,True,43
2014-06-02,Mon,90,9,0,667,118,DP,DP,True,90
2014-06-03,Tue,16,1,6,669,114,DP,DP,True,16
2014-06-04,Wed,62,6,2,268,228,SP,DP,True,62
2014-06-05,Thu,27,2,7,480,250,SP,SP,True,27
2014-06-06,Fri,52,5,2,177,156,DP,SP,True,52
2014-06-07,Sat,05,0,5,569,168,SP,SP,True,05
2014-06-09,Mon,43,4,3,338,300,DP,DP,True,43
2014-06-10,Tue,91,9,1,577,588,DP,DP,True,91
2014-06-11,Wed,07,0,7,000,115,TP,DP,True,07
2014-06-12,Thu,89,8,9,189,199,SP,DP,True,89
2014-06-13,Fri,25,2,5,336,690,DP,SP,True,25
2014-06-14,Sat,17,1,7,290,458,SP,SP,True,17
2014-06-16,Mon,28,2,8,499,378,DP,SP,True,28
2014-06-17,Tue,82,8,2,567,129,SP,SP,True,82
2014-06-18,Wed,27,2,7,,,,,True,27
2014-06-19,Thu,30,3,0,689,244,SP,DP,True,30
2014-06-20,Fri,22,2,2,345,480,SP,SP,True,22
2014-06-21,Sat,17,1,7,344,278,DP,SP,True,17
2014-06-23,Mon,00,0,0,,370,,SP,True,00
2014-06-24,Tue,13,1,3,335,599,DP,DP,True,13
2014-06-25,Wed,36,3,6,689,240,SP,SP,True,36
2014-06-26,Thu,51,5,1,258,669,SP,DP,True,51
2014-06-27,Fri,88,8,8,260,468,SP,SP,True,88
2014-06-28,Sat,95,9,5,478,477,SP,DP,True,95
2014-06-30,Mon,98,9,8,379,260,SP,SP,True,98
2014-07-01,Tue,49,4,9,266,,DP,,True,49
2014-07-02,Wed,90,9,0,135,226,SP,DP,True,90
2014-07-03,Thu,50,5,0,799,488,DP,DP,True,50
2014-07-04,Fri,59,5,9,249,360,SP,SP,True,59
2014-07-05,Sat,95,9,5,360,122,SP,DP,True,95
2014-07-07,Mon,48,4,8,347,116,SP,DP,True,48
2014-07-08,Tue,74,7,4,269,789,SP,SP,True,74
2014-07-09,Wed,68,6,8,349,459,SP,SP,True,68
2014-07-10,Thu,68,6,8,150,459,SP,SP,True,68
2014-07-11,Fri,72,7,2,269,570,SP,SP,True,72
2014-07-12,Sat,18,1,8,146,369,SP,SP,True,18
2014-07-14,Mon,40,4,0,455,460,DP,SP,True,40
2014-07-15,Tue,63,6,3,268,139,SP,SP,True,63
2014-07-16,Wed,98,9,8,388,260,DP,SP,True,98
2014-07-17,Thu,21,2,1,345,245,SP,SP,True,21
2014-07-18,Fri,65,6,5,169,140,SP,SP,True,65
2014-07-19,Sat,37,3,7,139,368,SP,SP,True,37
2014-07-21,Mon,37,3,7,580,277,SP,DP,True,37
2014-07-22,Tue,35,3,5,337,177,DP,DP,True,35
2014-07-23,Wed,62,6,2,358,660,SP,DP,True,62
2014-07-24,Thu,46,4,6,112,349,DP,SP,True,46
2014-07-25,Fri,15,1,5,137,159,SP,SP,True,15
2014-07-26,Sat,65,6,5,259,339,SP,DP,True,65
2014-07-28,Mon,49,4,9,269,900,SP,DP,True,49
2014-07-29,Tue,,,,,,,,False,**
2014-07-30,Wed,48,4,8,149,468,SP,SP,True,48
2014-07-31,Thu,12,1,2,245,138,SP,SP,True,12
2014-08-01,Fri,81,8,1,233,489,DP,SP,True,81
2014-08-02,Sat,08,0,8,578,468,SP,SP,True,08
2014-08-04,Mon,73,7,3,124,580,SP,SP,True,73
2014-08-05,Tue,62,6,2,240,499,SP,DP,True,62
2014-08-06,Wed,97,9,7,225,115,DP,DP,True,97
2014-08-07,Thu,14,1,4,489,147,SP,SP,True,14
2014-08-08,Fri,42,4,2,149,480,SP,SP,True,42
2014-08-09,Sat,42,4,2,338,255,DP,DP,True,42
2014-08-11,Mon,71,7,1,188,128,DP,SP,True,71
2014-08-12,Tue,49,4,9,455,,DP,,True,49
2014-08-13,Wed,46,4,6,680,880,SP,DP,True,46
2014-08-14,Thu,29,2,9,237,135,SP,SP,True,29
2014-08-15,Fri,,,,,,,,False,**
2014-08-16,Sat,69,6,9,240,117,SP,DP,True,69
2014-08-18,Mon,90,9,0,450,677,SP,DP,True,90
2014-08-19,Tue,44,4,4,248,347,SP,SP,True,44
2014-08-20,Wed,49,4,9,,,,,True,49
2014-08-21,Thu,31,3,1,689,489,SP,SP,True,31
2014-08-22,Fri,86,8,6,378,178,SP,SP,True,86
2014-08-23,Sat,15,1,5,579,348,SP,SP,True,15
2014-08-25,Mon,93,9,3,568,580,SP,SP,True,93
2014-08-26,Tue,97,9,7,135,160,SP,SP,True,97
2014-08-27,Wed,79,7,9,223,135,DP,SP,True,79
2014-08-28,Thu,06,0,6,488,268,DP,SP,True,06
2014-08-29,Fri,35,3,5,157,249,SP,SP,True,35
2014-08-30,Sat,09,0,9,569,144,SP,DP,True,09
2014-09-01,Mon,06,0,6,460,259,SP,SP,True,06
2014-09-02,Tue,91,9,1,469,245,SP,SP,True,91
2014-09-03,Wed,90,9,0,379,190,SP,SP,True,90
2014-09-04,Thu,96,9,6,388,358,DP,SP,True,96
2014-09-05,Fri,90,9,0,577,389,DP,SP,True,90
2014-09-06,Sat,72,7,2,368,679,SP,SP,True,72
2014-09-08,Mon,59,5,9,267,388,SP,DP,True,59
2014-09-09,Tue,12,1,2,236,679,SP,SP,True,12
2014-09-10,Wed,80,8,0,468,244,SP,DP,True,80
2014-09-11,Thu,67,6,7,457,359,SP,SP,True,67
2014-09-12,Fri,08,0,8,344,350,DP,SP,True,08
2014-09-13,Sat,78,7,8,890,260,SP,SP,True,78
2014-09-15,Mon,05,0,5,,339,,DP,True,05
2014-09-16,Tue,85,8,5,116,690,DP,SP,True,85
2014-09-17,Wed,81,8,1,548,128,SP,SP,True,81
2014-09-18,Thu,49,4,9,699,289,DP,SP,True,49
2014-09-19,Fri,53,5,3,159,256,SP,SP,True,53
2014-09-20,Sat,82,8,2,369,245,SP,SP,True,82
2014-09-22,Mon,43,4,3,770,346,DP,SP,True,43
2014-09-23,Tue,08,0,8,136,116,SP,DP,True,08
2014-09-24,Wed,07,0,7,479,478,SP,SP,True,07
2014-09-25,Thu,69,6,9,457,289,SP,SP,True,69
2014-09-26,Fri,75,7,5,467,799,SP,DP,True,75
2014-09-27,Sat,15,1,5,155,889,DP,DP,True,15
2014-09-29,Mon,66,6,6,358,349,SP,SP,True,66
2014-09-30,Tue,25,2,5,345,267,SP,SP,True,25
2014-10-01,Wed,06,0,6,578,114,SP,DP,True,06
2014-10-02,Thu,34,3,4,166,149,DP,SP,True,34
2014-10-03,Fri,98,9,8,270,468,SP,SP,True,98
2014-10-04,Sat,93,9,3,270,670,SP,SP,True,93
2014-10-06,Mon,81,8,1,666,579,TP,SP,True,81
2014-10-07,Tue,46,4,6,789,150,SP,SP,True,46
2014-10-08,Wed,37,3,7,157,124,SP,SP,True,37
2014-10-09,Thu,44,4,4,347,,SP,,True,44
2014-10-10,Fri,67,6,7,150,179,SP,SP,True,67
2014-10-11,Sat,50,5,0,357,378,SP,SP,True,50
2014-10-13,Mon,07,0,7,479,340,SP,SP,True,07
2014-10-14,Tue,13,1,3,560,148,SP,SP,True,13
2014-10-15,Wed,89,8,9,800,135,DP,SP,True,89
2014-10-16,Thu,28,2,8,138,134,SP,SP,True,28
2014-10-17,Fri,04,0,4,136,167,SP,SP,True,04
2014-10-18,Sat,53,5,3,249,670,SP,SP,True,53
2014-10-27,Mon,,,,,,,,False,**
2014-10-28,Tue,91,9,1,379,669,SP,DP,True,91
2014-10-29,Wed,24,2,4,679,149,SP,SP,True,24
2014-10-30,Thu,92,9,2,388,228,DP,DP,True,92
2014-10-31,Fri,82,8,2,224,147,DP,SP,True,82
2014-11-01,Sat,86,8,6,477,349,DP,SP,True,86
2014-11-03,Mon,16,1,6,,358,,SP,True,16
2014-11-04,Tue,16,1,6,579,,SP,,True,16
2014-11-05,Wed,93,9,3,478,157,SP,SP,True,93
2014-11-06,Thu,37,3,7,157,467,SP,SP,True,37
2014-11-07,Fri,38,3,8,,378,,SP,True,38
2014-11-08,Sat,56,5,6,357,600,SP,DP,True,56
2014-11-10,Mon,91,9,1,289,128,SP,SP,True,91
2014-11-11,Tue,83,8,3,477,445,DP,DP,True,83
2014-11-12,Wed,46,4,6,680,178,SP,SP,True,46
2014-11-13,Thu,55,5,5,,799,,DP,True,55
2014-11-14,Fri,93,9,3,559,166,DP,DP,True,93
2014-11-15,Sat,86,8,6,468,880,SP,DP,True,86
2014-11-17,Mon,22,2,2,246,246,SP,SP,True,22
2014-11-18,Tue,71,7,1,250,470,SP,SP,True,71
2014-11-19,Wed,01,0,1,226,146,DP,SP,True,01
2014-11-20,Thu,02,0,2,159,200,SP,DP,True,02
2014-11-21,Fri,52,5,2,113,570,DP,SP,True,52
2014-11-22,Sat,60,6,0,169,370,SP,SP,True,60
2014-11-24,Mon,05,0,5,145,230,SP,SP,True,05
2014-11-25,Tue,73,7,3,890,157,SP,SP,True,73
2014-11-26,Wed,74,7,4,368,400,SP,DP,True,74
2014-11-27,Thu,38,3,8,580,116,SP,DP,True,38
2014-11-28,Fri,34,3,4,580,446,SP,DP,True,34
2014-11-29,Sat,73,7,3,179,148,SP,SP,True,73
2014-12-01,Mon,12,1,2,588,688,DP,DP,True,12
2014-12-02,Tue,22,2,2,570,660,SP,DP,True,22
2014-12-03,Wed,29,2,9,138,568,SP,SP,True,29
2014-12-04,Thu,58,5,8,357,260,SP,SP,True,58
2014-12-05,Fri,52,5,2,366,228,DP,DP,True,52
2014-12-06,Sat,90,9,0,450,118,SP,DP,True,90
2014-12-08,Mon,99,9,9,234,135,SP,SP,True,99
2014-12-09,Tue,35,3,5,670,159,SP,SP,True,35
2014-12-10,Wed,27,2,7,129,700,SP,DP,True,27
2014-12-11,Thu,22,2,2,390,156,SP,SP,True,22
2014-12-12,Fri,16,1,6,470,240,SP,SP,True,16
2014-12-13,Sat,23,2,3,336,337,DP,DP,True,23
2014-12-15,Mon,55,5,5,780,,SP,,True,55
2014-12-16,Tue,66,6,6,349,600,SP,DP,True,66
2014-12-17,Wed,10,1,0,489,244,SP,DP,True,10
2014-12-18,Thu,93,9,3,126,238,SP,SP,True,93
2014-12-19,Fri,95,9,5,289,159,SP,SP,True,95
2014-12-20,Sat,27,2,7,138,359,SP,SP,True,27
2014-12-22,Mon,47,4,7,147,223,SP,DP,True,47
2014-12-23,Tue,72,7,2,,255,,DP,True,72
2014-12-24,Wed,58,5,8,780,477,SP,DP,True,58
2014-12-25,Thu,41,4,1,680,100,SP,DP,True,41
2014-12-26,Fri,12,1,2,678,228,SP,DP,True,12
2014-12-27,Sat,35,3,5,157,140,SP,SP,True,35
2014-12-29,Mon,04,0,4,127,356,SP,SP,True,04
2014-12-30,Tue,10,1,0,137,127,SP,SP,True,10
2014-12-31,Wed,58,5,8,780,990,SP,DP,True,58
2015-01-01,Thu,37,3,7,689,269,SP,SP,True,37
2015-01-02,Fri,41,4,1,149,137,SP,SP,True,41
2015-01-03,Sat,83,8,3,189,247,SP,SP,True,83
2015-01-05,Mon,54,5,4,267,347,SP,SP,True,54
2015-01-06,Tue,22,2,2,237,345,SP,SP,True,22
2015-01-07,Wed,41,4,1,770,560,DP,SP,True,41
2015-01-08,Thu,06,0,6,127,358,SP,SP,True,06
2015-01-09,Fri,44,4,4,149,257,SP,SP,True,44
2015-01-10,Sat,96,9,6,450,367,SP,SP,True,96
2015-01-12,Mon,09,0,9,479,289,SP,SP,True,09
2015-01-13,Tue,06,0,6,460,240,SP,SP,True,06
2015-01-14,Wed,,,,,,,,False,**
2015-01-15,Thu,68,6,8,600,224,DP,DP,True,68
2015-01-16,Fri,78,7,8,359,378,SP,SP,True,78
2015-01-17,Sat,78,7,8,566,468,DP,SP,True,78
2015-01-19,Mon,33,3,3,689,256,SP,SP,True,33
2015-01-20,Tue,66,6,6,268,790,SP,SP,True,66
2015-01-21,Wed,64,6,4,330,699,DP,DP,True,64
2015-01-22,Thu,34,3,4,148,590,SP,SP,True,34
2015-01-23,Fri,62,6,2,114,200,DP,DP,True,62
2015-01-24,Sat,93,9,3,900,256,DP,SP,True,93
2015-01-26,Mon,,,,,,,,False,**
2015-01-27,Tue,07,0,7,145,223,SP,DP,True,07
2015-01-28,Wed,04,0,4,127,158,SP,SP,True,04
2015-01-29,Thu,84,8,4,567,167,SP,SP,True,84
2015-01-30,Fri,92,9,2,568,390,SP,SP,True,92
2015-01-31,Sat,29,2,9,246,126,SP,SP,True,29
2015-02-02,Mon,90,9,0,559,145,DP,SP,True,90
2015-02-03,Tue,36,3,6,788,259,DP,SP,True,36
2015-02-04,Wed,76,7,6,160,790,SP,SP,True,76
2015-02-05,Thu,09,0,9,226,135,DP,SP,True,09
2015-02-06,Fri,13,1,3,128,139,SP,SP,True,13
2015-02-07,Sat,81,8,1,278,128,SP,SP,True,81
2015-02-09,Mon,31,3,1,445,236,DP,SP,True,31
2015-02-10,Tue,97,9,7,180,250,SP,SP,True,97
2015-02-11,Wed,99,9,9,117,360,DP,SP,True,99
2015-02-12,Thu,73,7,3,368,238,SP,SP,True,73
2015-02-13,Fri,53,5,3,889,689,DP,SP,True,53
2015-02-14,Sat,66,6,6,268,367,SP,SP,True,66
2015-02-16,Mon,99,9,9,379,234,SP,SP,True,99
2015-02-17,Tue,92,9,2,379,679,SP,SP,True,92
2015-02-18,Wed,15,1,5,678,249,SP,SP,True,15
2015-02-19,Thu,14,1,4,669,400,DP,DP,True,14
2015-02-20,Fri,54,5,4,456,167,SP,SP,True,54
2015-02-21,Sat,57,5,7,799,449,DP,DP,True,57
2015-02-23,Mon,84,8,4,468,112,SP,DP,True,84
2015-02-24,Tue,13,1,3,678,670,SP,SP,True,13
2015-02-25,Wed,78,7,8,160,369,SP,SP,True,78
2015-02-26,Thu,14,1,4,579,590,SP,SP,True,14
2015-02-27,Fri,83,8,3,567,490,SP,SP,True,83
2015-02-28,Sat,31,3,1,120,245,SP,SP,True,31
2015-03-02,Mon,80,8,0,189,668,SP,DP,True,80
2015-03-03,Tue,77,7,7,359,223,SP,DP,True,77
2015-03-04,Wed,27,2,7,255,269,DP,SP,True,27
2015-03-05,Thu,63,6,3,448,229,DP,DP,True,63
2015-03-06,Fri,,,,,,,,False,**
2015-03-07,Sat,15,1,5,678,690,SP,SP,True,15
2015-03-09,Mon,85,8,5,170,122,SP,DP,True,85
2015-03-10,Tue,80,8,0,477,118,DP,DP,True,80
2015-03-11,Wed,87,8,7,477,269,DP,SP,True,87
2015-03-12,Thu,01,0,1,118,399,DP,DP,True,01
2015-03-13,Fri,81,8,1,558,137,DP,SP,True,81
2015-03-14,Sat,55,5,5,357,168,SP,SP,True,55
2015-03-16,Mon,76,7,6,467,448,SP,DP,True,76
2015-03-17,Tue,43,4,3,149,346,SP,SP,True,43
2015-03-18,Wed,79,7,9,467,667,SP,DP,True,79
2015-03-19,Thu,33,3,3,166,120,DP,SP,True,33
2015-03-20,Fri,47,4,7,590,250,SP,SP,True,47
2015-03-21,Sat,02,0,2,127,345,SP,SP,True,02
2015-03-23,Mon,33,3,3,670,300,SP,DP,True,33
2015-03-24,Tue,95,9,5,559,168,DP,SP,True,95
2015-03-25,Wed,47,4,7,699,250,DP,SP,True,47
2015-03-26,Thu,20,2,0,129,569,SP,SP,True,20
2015-03-27,Fri,50,5,0,258,145,SP,SP,True,50
2015-03-28,Sat,32,3,2,148,480,SP,SP,True,32
2015-03-30,Mon,38,3,8,229,224,DP,DP,True,38
2015-03-31,Tue,10,1,0,470,136,SP,SP,True,10
2015-04-01,Wed,99,9,9,180,388,SP,DP,True,99
2015-04-02,Thu,42,4,2,770,156,DP,SP,True,42
2015-04-03,Fri,04,0,4,578,248,SP,SP,True,04
2015-04-04,Sat,64,6,4,178,266,SP,DP,True,64
2015-04-06,Mon,15,1,5,146,447,SP,DP,True,15
2015-04-07,Tue,90,9,0,117,235,DP,SP,True,90
2015-04-08,Wed,12,1,2,470,255,SP,DP,True,12
2015-04-09,Thu,39,3,9,580,135,SP,SP,True,39
2015-04-10,Fri,15,1,5,236,140,SP,SP,True,15
2015-04-11,Sat,25,2,5,480,690,SP,SP,True,25
2015-04-13,Mon,68,6,8,457,125,SP,SP,True,68
2015-04-14,Tue,56,5,6,140,277,SP,DP,True,56
2015-04-15,Wed,61,6,1,178,290,SP,SP,True,61
2015-04-16,Thu,65,6,5,123,258,SP,SP,True,65
2015-04-17,Fri,12,1,2,588,237,DP,SP,True,12
2015-04-18,Sat,04,0,4,190,130,SP,SP,True,04
2015-04-20,Mon,61,6,1,457,236,SP,SP,True,61
2015-04-21,Tue,96,9,6,568,790,SP,SP,True,96
2015-04-22,Wed,95,9,5,180,230,SP,SP,True,95
2015-04-23,Thu,62,6,2,240,129,SP,SP,True,62
2015-04-24,Fri,38,3,8,670,567,SP,SP,True,38
2015-04-25,Sat,93,9,3,469,689,SP,SP,True,93
2015-04-27,Mon,43,4,3,590,300,SP,DP,True,43
2015-04-28,Tue,31,3,1,788,669,DP,DP,True,31
2015-04-29,Wed,46,4,6,789,457,SP,SP,True,46
2015-04-30,Thu,64,6,4,790,257,SP,SP,True,64
2015-05-01,Fri,54,5,4,230,338,SP,DP,True,54
2015-05-02,Sat,63,6,3,600,580,DP,SP,True,63
2015-05-04,Mon,52,5,2,348,156,SP,SP,True,52
2015-05-05,Tue,61,6,1,178,119,SP,DP,True,61
2015-05-06,Wed,89,8,9,134,180,SP,SP,True,89
2015-05-07,Thu,03,0,3,578,689,SP,SP,True,03
2015-05-08,Fri,71,7,1,368,236,SP,SP,True,71
2015-05-09,Sat,60,6,0,358,578,SP,SP,True,60
2015-05-11,Mon,89,8,9,134,559,SP,DP,True,89
2015-05-12,Tue,82,8,2,279,255,SP,DP,True,82
2015-05-13,Wed,40,4,0,112,190,DP,SP,True,40
2015-05-14,Thu,17,1,7,137,160,SP,SP,True,17
2015-05-15,Fri,71,7,1,368,560,SP,SP,True,71
2015-05-16,Sat,64,6,4,448,149,DP,SP,True,64
2015-05-18,Mon,41,4,1,167,380,SP,SP,True,41
2015-05-19,Tue,76,7,6,359,448,SP,DP,True,76
2015-05-20,Wed,64,6,4,150,158,SP,SP,True,64
2015-05-21,Thu,26,2,6,679,457,SP,SP,True,26
2015-05-22,Fri,20,2,0,679,370,SP,SP,True,20
2015-05-23,Sat,69,6,9,123,568,SP,SP,True,69
2015-05-25,Mon,92,9,2,135,499,SP,DP,True,92
2015-05-26,Tue,28,2,8,570,378,SP,SP,True,28
2015-05-27,Wed,73,7,3,179,490,SP,SP,True,73
2015-05-28,Thu,08,0,8,190,350,SP,SP,True,08
2015-05-29,Fri,63,6,3,349,788,SP,DP,True,63
2015-05-30,Sat,51,5,1,348,579,SP,SP,True,51
2015-06-01,Mon,42,4,2,455,660,DP,DP,True,42
2015-06-02,Tue,34,3,4,670,130,SP,SP,True,34
2015-06-03,Wed,20,2,0,679,389,SP,SP,True,20
2015-06-04,Thu,29,2,9,660,117,DP,DP,True,29
2015-06-05,Fri,23,2,3,589,689,SP,SP,True,23
2015-06-06,Sat,46,4,6,770,349,DP,SP,True,46
2015-06-08,Mon,01,0,1,190,399,SP,DP,True,01
2015-06-09,Tue,81,8,1,134,236,SP,SP,True,81
2015-06-10,Wed,44,4,4,455,167,DP,SP,True,44
2015-06-11,Thu,08,0,8,235,125,SP,SP,True,08
2015-06-12,Fri,59,5,9,799,900,DP,DP,True,59
2015-06-13,Sat,72,7,2,269,778,SP,DP,True,72
2015-06-15,Mon,48,4,8,680,170,SP,SP,True,48
2015-06-16,Tue,94,9,4,225,158,DP,SP,True,94
2015-06-17,Wed,15,1,5,119,357,DP,SP,True,15
2015-06-18,Thu,98,9,8,144,116,DP,DP,True,98
2015-06-19,Fri,34,3,4,689,680,SP,SP,True,34
2015-06-20,Sat,31,3,1,580,678,SP,SP,True,31
2015-06-22,Mon,02,0,2,668,499,DP,DP,True,02
2015-06-23,Tue,35,3,5,157,799,SP,DP,True,35
2015-06-24,Wed,23,2,3,237,139,SP,SP,True,23
2015-06-25,Thu,85,8,5,134,357,SP,SP,True,85
2015-06-26,Fri,65,6,5,457,357,SP,SP,True,65
2015-06-27,Sat,00,0,0,226,190,DP,SP,True,00
2015-06-29,Mon,86,8,6,125,277,SP,DP,True,86
2015-06-30,Tue,64,6,4,268,338,SP,DP,True,64
2015-07-01,Wed,89,8,9,170,568,SP,SP,True,89
2015-07-02,Thu,70,7,0,359,569,SP,SP,True,70
2015-07-03,Fri,36,3,6,238,600,SP,DP,True,36
2015-07-04,Sat,86,8,6,567,150,SP,SP,True,86
2015-07-06,Mon,65,6,5,259,140,SP,SP,True,65
2015-07-07,Tue,27,2,7,147,179,SP,SP,True,27
2015-07-08,Wed,12,1,2,128,200,SP,DP,True,12
2015-07-09,Thu,27,2,7,156,467,SP,SP,True,27
2015-07-10,Fri,33,3,3,779,157,DP,SP,True,33
2015-07-11,Sat,38,3,8,247,134,SP,SP,True,38
2015-07-13,Mon,80,8,0,279,136,SP,SP,True,80
2015-07-14,Tue,32,3,2,139,156,SP,SP,True,32
2015-07-15,Wed,91,9,1,289,380,SP,SP,True,91
2015-07-16,Thu,20,2,0,390,280,SP,SP,True,20
2015-07-17,Fri,65,6,5,358,690,SP,SP,True,65
2015-07-18,Sat,,,,,,,,False,**
2015-07-20,Mon,11,1,1,236,669,SP,DP,True,11
2015-07-21,Tue,55,5,5,258,348,SP,SP,True,55
2015-07-22,Wed,88,8,8,116,125,DP,SP,True,88
2015-07-23,Thu,20,2,0,679,677,SP,DP,True,20
2015-07-24,Fri,94,9,4,469,149,SP,SP,True,94
2015-07-25,Sat,29,2,9,147,469,SP,SP,True,29
2015-07-27,Mon,94,9,4,270,248,SP,SP,True,94
2015-07-28,Tue,98,9,8,379,369,SP,SP,True,98
2015-07-29,Wed,04,0,4,226,149,DP,SP,True,04
2015-07-30,Thu,04,0,4,488,130,DP,SP,True,04
2015-07-31,Fri,20,2,0,110,389,DP,SP,True,20
2015-08-01,Sat,07,0,7,370,179,SP,SP,True,07
2015-08-03,Mon,26,2,6,589,240,SP,SP,True,26
2015-08-04,Tue,28,2,8,660,477,DP,DP,True,28
2015-08-05,Wed,88,8,8,260,134,SP,SP,True,88
2015-08-06,Thu,98,9,8,289,233,SP,DP,True,98
2015-08-07,Fri,92,9,2,667,255,DP,DP,True,92
2015-08-08,Sat,44,4,4,680,158,SP,SP,True,44
2015-08-10,Mon,57,5,7,799,340,DP,SP,True,57
2015-08-11,Tue,14,1,4,227,257,DP,SP,True,14
2015-08-12,Wed,20,2,0,345,226,SP,DP,True,20
2015-08-13,Thu,59,5,9,159,270,SP,SP,True,59
2015-08-14,Fri,90,9,0,379,569,SP,SP,True,90
2015-08-15,Sat,,,,,,,,False,**
2015-08-17,Mon,60,6,0,790,235,SP,SP,True,60
2015-08-18,Tue,48,4,8,266,567,DP,SP,True,48
2015-08-19,Wed,21,2,1,499,100,DP,DP,True,21
2015-08-20,Thu,50,5,0,357,460,SP,SP,True,50
2015-08-21,Fri,07,0,7,460,700,SP,DP,True,07
2015-08-22,Sat,92,9,2,360,679,SP,SP,True,92
2015-08-24,Mon,67,6,7,457,449,SP,DP,True,67
2015-08-25,Tue,88,8,8,369,170,SP,SP,True,88
2015-08-26,Wed,42,4,2,158,679,SP,SP,True,42
2015-08-27,Thu,99,9,9,117,234,DP,SP,True,99
2015-08-28,Fri,16,1,6,470,123,SP,SP,True,16
2015-08-29,Sat,74,7,4,890,158,SP,SP,True,74
2015-08-31,Mon,99,9,9,126,289,SP,SP,True,99
2015-09-01,Tue,75,7,5,278,357,SP,SP,True,75
2015-09-02,Wed,11,1,1,245,579,SP,SP,True,11
2015-09-03,Thu,04,0,4,569,248,SP,SP,True,04
2015-09-04,Fri,55,5,5,258,690,SP,SP,True,55
2015-09-05,Sat,97,9,7,568,890,SP,SP,True,97
2015-09-07,Mon,18,1,8,678,189,SP,SP,True,18
2015-09-08,Tue,99,9,9,568,270,SP,SP,True,99
2015-09-09,Wed,75,7,5,557,159,DP,SP,True,75
2015-09-10,Thu,96,9,6,199,277,DP,DP,True,96
2015-09-11,Fri,76,7,6,359,358,SP,SP,True,76
2015-09-12,Sat,41,4,1,356,100,SP,DP,True,41
2015-09-14,Mon,20,2,0,480,550,SP,DP,True,20
2015-09-15,Tue,55,5,5,366,113,DP,DP,True,55
2015-09-16,Wed,21,2,1,246,470,SP,SP,True,21
2015-09-17,Thu,36,3,6,300,556,DP,DP,True,36
2015-09-18,Fri,58,5,8,799,233,DP,DP,True,58
2015-09-19,Sat,45,4,5,455,357,DP,SP,True,45
2015-09-21,Mon,92,9,2,117,688,DP,DP,True,92
2015-09-22,Tue,97,9,7,180,160,SP,SP,True,97
2015-09-23,Wed,00,0,0,578,460,SP,SP,True,00
2015-09-24,Thu,58,5,8,366,189,DP,SP,True,58
2015-09-25,Fri,03,0,3,190,346,SP,SP,True,03
2015-09-26,Sat,01,0,1,136,470,SP,SP,True,01
2015-09-28,Mon,78,7,8,890,459,SP,SP,True,78
2015-09-29,Tue,41,4,1,149,335,SP,DP,True,41
2015-09-30,Wed,18,1,8,335,800,DP,DP,True,18
2015-10-01,Thu,68,6,8,349,369,SP,SP,True,68
2015-10-02,Fri,54,5,4,447,789,DP,SP,True,54
2015-10-03,Sat,34,3,4,157,338,SP,DP,True,34
2015-10-05,Mon,31,3,1,120,678,SP,SP,True,31
2015-10-06,Tue,98,9,8,667,440,DP,DP,True,98
2015-10-07,Wed,57,5,7,177,340,DP,SP,True,57
2015-10-08,Thu,56,5,6,889,448,DP,DP,True,56
2015-10-09,Fri,80,8,0,279,370,SP,SP,True,80
2015-10-10,Sat,28,2,8,345,260,SP,SP,True,28
2015-10-12,Mon,04,0,4,226,455,DP,DP,True,04
2015-10-13,Tue,02,0,2,389,237,SP,SP,True,02
2015-10-14,Wed,41,4,1,455,290,DP,SP,True,41
2015-10-15,Thu,19,1,9,489,270,SP,SP,True,19
2015-10-16,Fri,04,0,4,136,158,SP,SP,True,04
2015-10-17,Sat,49,4,9,446,478,DP,SP,True,49
2015-10-19,Mon,04,0,4,190,248,SP,SP,True,04
2015-10-20,Tue,12,1,2,678,246,SP,SP,True,12
2015-10-21,Wed,43,4,3,158,490,SP,SP,True,43
2015-10-22,Thu,82,8,2,260,570,SP,SP,True,82
2015-10-23,Fri,67,6,7,367,340,SP,SP,True,67
2015-10-24,Sat,80,8,0,567,190,SP,SP,True,80
2015-10-26,Mon,14,1,4,335,680,DP,SP,True,14
2015-10-27,Tue,64,6,4,259,400,SP,DP,True,64
2015-10-28,Wed,14,1,4,560,167,SP,SP,True,14
2015-10-29,Thu,42,4,2,130,480,SP,SP,True,42
2015-10-30,Fri,76,7,6,890,349,SP,SP,True,76
2015-10-31,Sat,39,3,9,346,450,SP,SP,True,39
2015-11-01,Mon,62,6,2,150,147,SP,SP,True,62
2015-11-02,Tue,00,0,0,569,389,SP,SP,True,00
2015-11-03,Wed,86,8,6,468,169,SP,SP,True,86
2015-11-04,Thu,83,8,3,468,337,SP,DP,True,83
2015-11-05,Fri,44,4,4,338,130,DP,SP,True,44
2015-11-06,Sat,79,7,9,188,180,DP,SP,True,79
2015-11-16,Mon,27,2,7,345,449,SP,DP,True,27
2015-11-17,Tue,51,5,1,113,380,DP,SP,True,51
2015-11-18,Wed,06,0,6,145,448,SP,DP,True,06
2015-11-19,Thu,81,8,1,558,128,DP,SP,True,81
2015-11-20,Fri,72,7,2,700,110,DP,DP,True,72
2015-11-21,Sat,61,6,1,259,128,SP,SP,True,61
2015-11-23,Mon,83,8,3,369,670,SP,SP,True,83
2015-11-24,Tue,75,7,5,890,357,SP,SP,True,75
2015-11-25,Wed,73,7,3,467,599,SP,DP,True,73
2015-11-26,Thu,30,3,0,490,578,SP,SP,True,30
2015-11-27,Fri,85,8,5,189,447,SP,DP,True,85
2015-11-28,Sat,73,7,3,160,139,SP,SP,True,73
2015-11-30,Mon,39,3,9,148,577,SP,DP,True,39
2015-12-01,Tue,79,7,9,188,379,DP,SP,True,79
2015-12-02,Wed,50,5,0,780,280,SP,SP,True,50
2015-12-03,Thu,43,4,3,130,580,SP,SP,True,43
2015-12-04,Fri,00,0,0,479,334,SP,DP,True,00
2015-12-05,Sat,61,6,1,466,344,DP,DP,True,61
2015-12-07,Mon,34,3,4,247,266,SP,DP,True,34
2015-12-08,Tue,50,5,0,113,136,DP,SP,True,50
2015-12-09,Wed,33,3,3,247,599,SP,DP,True,33
2015-12-10,Thu,26,2,6,778,457,DP,SP,True,26
2015-12-11,Fri,85,8,5,800,140,DP,SP,True,85
2015-12-12,Sat,29,2,9,200,126,DP,SP,True,29
2015-12-14,Mon,33,3,3,256,157,SP,SP,True,33
2015-12-15,Tue,74,7,4,340,130,SP,SP,True,74
2015-12-16,Wed,93,9,3,568,148,SP,SP,True,93
2015-12-17,Thu,07,0,7,370,124,SP,SP,True,07
2015-12-18,Fri,78,7,8,467,468,SP,SP,True,78
2015-12-19,Sat,83,8,3,468,238,SP,SP,True,83
2015-12-21,Mon,81,8,1,134,245,SP,SP,True,81
2015-12-22,Tue,17,1,7,579,359,SP,SP,True,17
2015-12-23,Wed,38,3,8,229,116,DP,DP,True,38
2015-12-24,Thu,34,3,4,139,347,SP,SP,True,34
2015-12-25,Fri,43,4,3,699,166,DP,DP,True,43
2015-12-26,Sat,15,1,5,399,357,DP,SP,True,15
2015-12-28,Mon,90,9,0,144,280,DP,SP,True,90
2015-12-29,Tue,17,1,7,470,269,SP,SP,True,17
2015-12-30,Wed,56,5,6,889,457,DP,SP,True,56
2015-12-31,Thu,23,2,3,156,300,SP,DP,True,23
2016-01-01,Fri,51,5,1,357,560,SP,SP,True,51
2016-01-02,Sat,30,3,0,148,479,SP,SP,True,30
2016-01-04,Mon,73,7,3,223,670,DP,SP,True,73
2016-01-05,Tue,27,2,7,345,368,SP,SP,True,27
2016-01-06,Wed,45,4,5,590,249,SP,SP,True,45
2016-01-07,Thu,72,7,2,467,200,SP,DP,True,72
2016-01-08,Fri,98,9,8,568,233,SP,DP,True,98
2016-01-09,Sat,11,1,1,245,470,SP,SP,True,11
2016-01-11,Mon,70,7,0,278,145,SP,SP,True,70
2016-01-12,Tue,02,0,2,145,138,SP,SP,True,02
2016-01-13,Wed,96,9,6,379,150,SP,SP,True,96
2016-01-14,Thu,69,6,9,790,135,SP,SP,True,69
2016-01-15,Fri,82,8,2,567,688,SP,DP,True,82
2016-01-16,Sat,35,3,5,157,258,SP,SP,True,35
2016-01-18,Mon,98,9,8,225,477,DP,DP,True,98
2016-01-19,Tue,73,7,3,377,788,DP,DP,True,73
2016-01-20,Wed,93,9,3,144,670,DP,SP,True,93
2016-01-21,Thu,09,0,9,244,450,DP,SP,True,09
2016-01-22,Fri,75,7,5,160,339,SP,DP,True,75
2016-01-23,Sat,59,5,9,159,379,SP,SP,True,59
2016-01-25,Mon,61,6,1,448,245,DP,SP,True,61
2016-01-26,Tue,,,,,,,,False,**
2016-01-27,Wed,26,2,6,228,123,DP,SP,True,26
2016-01-28,Thu,25,2,5,570,140,SP,SP,True,25
2016-01-29,Fri,41,4,1,680,137,SP,SP,True,41
2016-01-30,Sat,01,0,1,479,245,SP,SP,True,01
2016-02-01,Mon,09,0,9,145,478,SP,SP,True,09
2016-02-02,Tue,73,7,3,124,229,SP,DP,True,73
2016-02-03,Wed,87,8,7,260,368,SP,SP,True,87
2016-02-04,Thu,75,7,5,458,456,SP,SP,True,75
2016-02-05,Fri,62,6,2,880,147,DP,SP,True,62
2016-02-06,Sat,75,7,5,467,168,SP,SP,True,75
2016-02-08,Mon,13,1,3,236,247,SP,SP,True,13
2016-02-09,Tue,08,0,8,118,440,DP,DP,True,08
2016-02-10,Wed,27,2,7,336,115,DP,DP,True,27
2016-02-11,Thu,23,2,3,660,247,DP,SP,True,23
2016-02-12,Fri,03,0,3,244,599,DP,DP,True,03
2016-02-13,Sat,80,8,0,134,280,SP,SP,True,80
2016-02-15,Mon,66,6,6,466,178,DP,SP,True,66
2016-02-16,Tue,46,4,6,789,556,SP,DP,True,46
2016-02-17,Wed,94,9,4,388,130,DP,SP,True,94
2016-02-18,Thu,27,2,7,570,179,SP,SP,True,27
2016-02-19,Fri,04,0,4,389,266,SP,DP,True,04
2016-02-20,Sat,08,0,8,190,468,SP,SP,True,08
2016-02-22,Mon,67,6,7,150,223,SP,DP,True,67
2016-02-23,Tue,23,2,3,679,670,SP,SP,True,23
2016-02-24,Wed,64,6,4,240,266,SP,DP,True,64
2016-02-25,Thu,51,5,1,799,137,DP,SP,True,51
2016-02-26,Fri,56,5,6,456,899,SP,DP,True,56
2016-02-27,Sat,71,7,1,278,245,SP,SP,True,71
2016-02-29,Mon,01,0,1,677,678,DP,SP,True,01
2016-03-01,Tue,30,3,0,238,145,SP,SP,True,30
2016-03-02,Wed,23,2,3,246,788,SP,DP,True,23
2016-03-03,Thu,76,7,6,467,259,SP,SP,True,76
2016-03-04,Fri,88,8,8,459,170,SP,SP,True,88
2016-03-05,Sat,23,2,3,138,689,SP,SP,True,23
2016-03-07,Mon,02,0,2,235,156,SP,SP,True,02
2016-03-08,Tue,96,9,6,144,457,DP,SP,True,96
2016-03-09,Wed,48,4,8,239,189,SP,SP,True,48
2016-03-10,Thu,59,5,9,140,126,SP,SP,True,59
2016-03-11,Fri,31,3,1,256,678,SP,SP,True,31
2016-03-12,Sat,87,8,7,116,133,DP,DP,True,87
2016-03-14,Mon,66,6,6,169,178,SP,SP,True,66
2016-03-15,Tue,54,5,4,357,149,SP,SP,True,54
2016-03-16,Wed,40,4,0,167,460,SP,SP,True,40
2016-03-17,Thu,88,8,8,459,369,SP,SP,True,88
2016-03-18,Fri,04,0,4,578,130,SP,SP,True,04
2016-03-19,Sat,01,0,1,145,678,SP,SP,True,01
2016-03-21,Mon,49,4,9,347,568,SP,SP,True,49
2016-03-22,Tue,93,9,3,135,346,SP,SP,True,93
2016-03-23,Wed,71,7,1,890,470,SP,SP,True,71
2016-03-24,Thu,,,,,,,,False,**
2016-03-25,Fri,61,6,1,899,335,DP,DP,True,61
2016-03-26,Sat,53,5,3,258,120,SP,SP,True,53
2016-03-28,Mon,50,5,0,366,389,DP,SP,True,50
2016-03-29,Tue,88,8,8,350,567,SP,SP,True,88
2016-03-30,Wed,07,0,7,118,160,DP,SP,True,07
2016-03-31,Thu,09,0,9,460,234,SP,SP,True,09
2016-04-01,Fri,53,5,3,357,256,SP,SP,True,53
2016-04-02,Sat,41,4,1,770,579,DP,SP,True,41
2016-04-04,Mon,34,3,4,490,257,SP,SP,True,34
2016-04-05,Tue,38,3,8,157,189,SP,SP,True,38
2016-04-06,Wed,53,5,3,230,157,SP,SP,True,53
2016-04-07,Thu,57,5,7,780,467,SP,SP,True,57
2016-04-08,Fri,52,5,2,267,246,SP,SP,True,52
2016-04-09,Sat,72,7,2,467,589,SP,SP,True,72
2016-04-11,Mon,31,3,1,256,100,SP,DP,True,31
2016-04-12,Tue,85,8,5,558,113,DP,DP,True,85
2016-04-13,Wed,90,9,0,234,569,SP,SP,True,90
2016-04-14,Thu,21,2,1,444,470,TP,SP,True,21
2016-04-15,Fri,41,4,1,130,489,SP,SP,True,41
2016-04-16,Sat,45,4,5,888,230,TP,SP,True,45
2016-04-18,Mon,47,4,7,257,269,SP,SP,True,47
2016-04-19,Tue,69,6,9,123,225,SP,DP,True,69
2016-04-20,Wed,20,2,0,499,479,DP,SP,True,20
2016-04-21,Thu,83,8,3,369,689,SP,SP,True,83
2016-04-22,Fri,59,5,9,168,469,SP,SP,True,59
2016-04-23,Sat,35,3,5,300,140,DP,SP,True,35
2016-04-25,Mon,34,3,4,689,400,SP,DP,True,34
2016-04-26,Tue,88,8,8,378,125,SP,SP,True,88
2016-04-27,Wed,15,1,5,137,159,SP,SP,True,15
2016-04-28,Thu,80,8,0,567,578,SP,SP,True,80
2016-04-29,Fri,12,1,2,678,156,SP,SP,True,12
2016-04-30,Sat,89,8,9,459,144,SP,DP,True,89
2016-05-02,Mon,51,5,1,258,335,SP,DP,True,51
2016-05-03,Tue,31,3,1,238,137,SP,SP,True,31
2016-05-04,Wed,77,7,7,368,458,SP,SP,True,77
2016-05-05,Thu,94,9,4,478,590,SP,SP,True,94
2016-05-06,Fri,84,8,4,459,149,SP,SP,True,84
2016-05-07,Sat,18,1,8,399,468,DP,SP,True,18
2016-05-09,Mon,21,2,1,228,399,DP,DP,True,21
2016-05-10,Tue,12,1,2,119,246,DP,SP,True,12
2016-05-11,Wed,24,2,4,499,130,DP,SP,True,24
2016-05-12,Thu,52,5,2,447,246,DP,SP,True,52
2016-05-13,Fri,55,5,5,267,780,SP,SP,True,55
2016-05-14,Sat,75,7,5,278,780,SP,SP,True,75
2016-05-16,Mon,21,2,1,660,380,DP,SP,True,21
2016-05-17,Tue,41,4,1,112,335,DP,DP,True,41
2016-05-18,Wed,20,2,0,480,280,SP,SP,True,20
2016-05-19,Thu,74,7,4,250,158,SP,SP,True,74
2016-05-20,Fri,90,9,0,180,334,SP,DP,True,90
2016-05-21,Sat,26,2,6,129,349,SP,SP,True,26
2016-05-23,Mon,19,1,9,669,126,DP,SP,True,19
2016-05-24,Tue,12,1,2,137,255,SP,DP,True,12
2016-05-25,Wed,99,9,9,478,469,SP,SP,True,99
2016-05-26,Thu,19,1,9,560,379,SP,SP,True,19
2016-05-27,Fri,94,9,4,577,770,DP,DP,True,94
2016-05-28,Sat,42,4,2,167,336,SP,DP,True,42
2016-05-30,Mon,53,5,3,799,670,DP,SP,True,53
2016-05-31,Tue,28,2,8,570,558,SP,DP,True,28
2016-06-01,Wed,26,2,6,778,240,DP,SP,True,26
2016-06-02,Thu,67,6,7,457,368,SP,SP,True,67
2016-06-03,Fri,71,7,1,179,236,SP,SP,True,71
2016-06-04,Sat,55,5,5,140,113,SP,DP,True,55
2016-06-06,Mon,91,9,1,577,344,DP,DP,True,91
2016-06-07,Tue,87,8,7,116,179,DP,SP,True,87
2016-06-08,Wed,99,9,9,450,388,SP,DP,True,99
2016-06-09,Thu,40,4,0,680,145,SP,SP,True,40
2016-06-10,Fri,32,3,2,490,688,SP,DP,True,32
2016-06-11,Sat,22,2,2,589,390,SP,SP,True,22
2016-06-13,Mon,55,5,5,357,348,SP,SP,True,55
2016-06-14,Tue,90,9,0,135,578,SP,SP,True,90
2016-06-15,Wed,10,1,0,236,235,SP,SP,True,10
2016-06-16,Thu,63,6,3,349,670,SP,SP,True,63
2016-06-17,Fri,49,4,9,239,450,SP,SP,True,49
2016-06-18,Sat,96,9,6,478,457,SP,SP,True,96
2016-06-20,Mon,80,8,0,378,578,SP,SP,True,80
2016-06-21,Tue,17,1,7,344,160,DP,SP,True,17
2016-06-22,Wed,79,7,9,179,126,SP,SP,True,79
2016-06-23,Thu,51,5,1,113,489,DP,SP,True,51
2016-06-24,Fri,30,3,0,490,145,SP,SP,True,30
2016-06-25,Sat,66,6,6,790,268,SP,SP,True,66
2016-06-27,Mon,47,4,7,590,557,SP,DP,True,47
2016-06-28,Tue,09,0,9,127,450,SP,SP,True,09
2016-06-29,Wed,59,5,9,230,270,SP,SP,True,59
2016-06-30,Thu,07,0,7,190,700,SP,DP,True,07
2016-07-01,Fri,84,8,4,440,266,DP,DP,True,84
2016-07-02,Sat,57,5,7,348,115,SP,DP,True,57
2016-07-04,Mon,28,2,8,499,116,DP,DP,True,28
2016-07-05,Tue,53,5,3,249,346,SP,SP,True,53
2016-07-06,Wed,93,9,3,126,355,SP,DP,True,93
2016-07-07,Thu,,,,,,,,False,xx
2016-07-08,Fri,46,4,6,356,330,SP,DP,True,46
2016-07-09,Sat,36,3,6,238,259,SP,SP,True,36
2016-07-11,Mon,02,0,2,280,156,SP,SP,True,02
2016-07-12,Tue,20,2,0,570,235,SP,SP,True,20
2016-07-13,Wed,78,7,8,458,125,SP,SP,True,78
2016-07-14,Thu,02,0,2,460,679,SP,SP,True,02
2016-07-15,Fri,04,0,4,569,158,SP,SP,True,04
2016-07-16,Sat,99,9,9,379,478,SP,SP,True,99
2016-07-18,Mon,16,1,6,290,556,SP,DP,True,16
2016-07-19,Tue,71,7,1,557,489,DP,SP,True,71
2016-07-20,Wed,41,4,1,400,137,DP,SP,True,41
2016-07-21,Thu,72,7,2,890,147,SP,SP,True,72
2016-07-22,Fri,41,4,1,789,380,SP,SP,True,41
2016-07-23,Sat,47,4,7,239,278,SP,SP,True,47
2016-07-25,Mon,49,4,9,158,270,SP,SP,True,49
2016-07-26,Tue,71,7,1,278,344,SP,DP,True,71
2016-07-27,Wed,65,6,5,330,447,DP,DP,True,65
2016-07-28,Thu,09,0,9,127,126,SP,SP,True,09
2016-07-29,Fri,86,8,6,350,790,SP,SP,True,86
2016-07-30,Sat,25,2,5,246,456,SP,SP,True,25
2016-08-01,Mon,16,1,6,579,169,SP,SP,True,16
2016-08-02,Tue,01,0,1,488,236,DP,SP,True,01
2016-08-03,Wed,05,0,5,136,348,SP,SP,True,05
2016-08-04,Thu,61,6,1,178,236,SP,SP,True,61
2016-08-05,Fri,62,6,2,367,679,SP,SP,True,62
2016-08-06,Sat,05,0,5,460,159,SP,SP,True,05
2016-08-08,Mon,40,4,0,446,280,DP,SP,True,40
2016-08-09,Tue,38,3,8,779,468,DP,SP,True,38
2016-08-10,Wed,97,9,7,135,890,SP,SP,True,97
2016-08-11,Thu,64,6,4,790,347,SP,SP,True,64
2016-08-12,Fri,47,4,7,699,458,DP,SP,True,47
2016-08-13,Sat,81,8,1,369,119,SP,DP,True,81
2016-08-15,Mon,,,,,,,,False,xx
2016-08-16,Tue,62,6,2,268,147,SP,SP,True,62
2016-08-17,Wed,82,8,2,378,345,SP,SP,True,82
2016-08-18,Thu,98,9,8,135,378,SP,SP,True,98
2016-08-19,Fri,91,9,1,126,579,SP,SP,True,91
2016-08-20,Sat,89,8,9,170,126,SP,SP,True,89
2016-08-22,Mon,37,3,7,670,359,SP,SP,True,37
2016-08-23,Tue,00,0,0,280,118,SP,DP,True,00
2016-08-24,Wed,19,1,9,137,900,SP,DP,True,19
2016-08-25,Thu,24,2,4,138,266,SP,DP,True,24
2016-08-26,Fri,15,1,5,128,456,SP,SP,True,15
2016-08-27,Sat,98,9,8,225,990,DP,DP,True,98
2016-08-29,Mon,33,3,3,788,238,DP,SP,True,33
2016-08-30,Tue,92,9,2,379,688,SP,DP,True,92
2016-08-31,Wed,77,7,7,278,458,SP,SP,True,77
2016-09-01,Thu,89,8,9,260,667,SP,DP,True,89
2016-09-02,Fri,31,3,1,689,579,SP,SP,True,31
2016-09-03,Sat,82,8,2,260,345,SP,SP,True,82
2016-09-05,Mon,61,6,1,259,128,SP,SP,True,61
2016-09-06,Tue,31,3,1,238,155,SP,DP,True,31
2016-09-07,Wed,70,7,0,269,389,SP,SP,True,70
2016-09-08,Thu,89,8,9,279,135,SP,SP,True,89
2016-09-09,Fri,52,5,2,267,390,SP,SP,True,52
2016-09-10,Sat,30,3,0,256,578,SP,SP,True,30
2016-09-12,Mon,65,6,5,240,456,SP,SP,True,65
2016-09-13,Tue,38,3,8,300,279,DP,SP,True,38
2016-09-14,Wed,86,8,6,990,240,DP,SP,True,86
2016-09-15,Thu,33,3,3,355,779,DP,DP,True,33
2016-09-16,Fri,15,1,5,579,249,SP,SP,True,15
2016-09-17,Sat,16,1,6,137,349,SP,SP,True,16
2016-09-19,Mon,30,3,0,148,488,SP,DP,True,30
2016-09-20,Tue,22,2,2,778,480,DP,SP,True,22
2016-09-21,Wed,33,3,3,689,689,SP,SP,True,33
2016-09-22,Thu,30,3,0,229,569,DP,SP,True,30
2016-09-23,Fri,58,5,8,348,567,SP,SP,True,58
2016-09-24,Sat,36,3,6,670,358,SP,SP,True,36
2016-09-26,Mon,55,5,5,348,780,SP,SP,True,55
2016-09-27,Tue,16,1,6,344,348,DP,SP,True,16
2016-09-28,Wed,29,2,9,138,126,SP,SP,True,29
2016-09-29,Thu,82,8,2,224,336,DP,DP,True,82
2016-09-30,Fri,77,7,7,115,278,DP,SP,True,77
2016-10-01,Sat,36,3,6,689,466,SP,DP,True,36
2016-10-03,Mon,38,3,8,346,134,SP,SP,True,38
2016-10-04,Tue,95,9,5,199,177,DP,DP,True,95
2016-10-05,Wed,03,0,3,668,229,DP,DP,True,03
2016-10-06,Thu,17,1,7,399,458,DP,SP,True,17
2016-10-07,Fri,48,4,8,356,800,SP,DP,True,48
2016-10-08,Sat,32,3,2,148,156,SP,SP,True,32
2016-10-10,Mon,78,7,8,133,440,DP,DP,True,78
2016-10-11,Tue,45,4,5,680,267,SP,SP,True,45
2016-10-12,Wed,61,6,1,259,669,SP,DP,True,61
2016-10-13,Thu,41,4,1,158,579,SP,SP,True,41
2016-10-14,Fri,00,0,0,235,479,SP,SP,True,00
2016-10-15,Sat,21,2,1,237,669,SP,DP,True,21
2016-10-17,Mon,05,0,5,389,249,SP,SP,True,05
2016-10-18,Tue,62,6,2,600,336,DP,DP,True,62
2016-10-19,Wed,85,8,5,990,348,DP,SP,True,85
2016-10-20,Thu,89,8,9,189,469,SP,SP,True,89
2016-10-21,Fri,75,7,5,359,348,SP,SP,True,75
2016-10-22,Sat,52,5,2,140,589,SP,SP,True,52
2016-10-24,Mon,09,0,9,460,180,SP,SP,True,09
2016-10-25,Tue,93,9,3,180,599,SP,DP,True,93
2016-10-26,Wed,80,8,0,567,136,SP,SP,True,80
2016-10-27,Thu,43,4,3,239,157,SP,SP,True,43
2016-10-28,Fri,,,,,,,,False,**
2016-10-29,Sat,,,,,,,,False,**
2016-10-31,Mon,,,,,,,,False,**
2016-11-01,Tue,,,,,,,,False,**
2016-11-02,Wed,,,,,,,,False,**
2016-11-03,Thu,,,,,,,,False,**
2016-11-04,Fri,,,,,,,,False,**
2016-11-05,Sat,,,,,,,,False,**
2016-11-07,Mon,65,6,5,349,113,SP,DP,True,65
2016-11-08,Tue,62,6,2,178,668,SP,DP,True,62
2016-11-09,Wed,71,7,1,223,290,DP,SP,True,71
2016-11-10,Thu,76,7,6,115,330,DP,DP,True,76
2016-11-11,Fri,40,4,0,770,244,DP,DP,True,40
2016-11-12,Sat,17,1,7,399,223,DP,DP,True,17
2016-11-14,Mon,97,9,7,577,124,DP,SP,True,97
2016-11-15,Tue,33,3,3,689,238,SP,SP,True,33
2016-11-16,Wed,65,6,5,367,249,SP,SP,True,65
2016-11-17,Thu,66,6,6,268,169,SP,SP,True,66
2016-11-18,Fri,31,3,1,355,236,DP,SP,True,31
2016-11-19,Sat,35,3,5,490,690,SP,SP,True,35
2016-11-21,Mon,15,1,5,669,456,DP,SP,True,15
2016-11-22,Tue,95,9,5,388,113,DP,DP,True,95
2016-11-23,Wed,97,9,7,225,160,DP,SP,True,97
2016-11-24,Thu,74,7,4,890,356,SP,SP,True,74
2016-11-25,Fri,19,1,9,290,667,SP,DP,True,19
2016-11-26,Sat,88,8,8,459,233,SP,DP,True,88
2016-11-28,Mon,94,9,4,667,257,DP,SP,True,94
2016-11-29,Tue,20,2,0,147,460,SP,SP,True,20
2016-11-30,Wed,95,9,5,126,357,SP,SP,True,95
2016-12-01,Thu,58,5,8,267,459,SP,SP,True,58
2016-12-02,Fri,47,4,7,590,359,SP,SP,True,47
2016-12-03,Sat,79,7,9,890,180,SP,SP,True,79
2016-12-05,Mon,34,3,4,337,699,DP,DP,True,34
2016-12-06,Tue,14,1,4,236,446,SP,DP,True,14
2016-12-07,Wed,57,5,7,456,179,SP,SP,True,57
2016-12-08,Thu,67,6,7,790,449,SP,DP,True,67
2016-12-09,Fri,97,9,7,667,115,DP,DP,True,97
2016-12-10,Sat,50,5,0,122,235,DP,SP,True,50
2016-12-12,Mon,81,8,1,224,155,DP,DP,True,81
2016-12-13,Tue,19,1,9,399,180,DP,SP,True,19
2016-12-14,Wed,57,5,7,889,557,DP,DP,True,57
2016-12-15,Thu,53,5,3,140,689,SP,SP,True,53
2016-12-16,Fri,34,3,4,670,239,SP,SP,True,34
2016-12-17,Sat,96,9,6,135,150,SP,SP,True,96
2016-12-19,Mon,84,8,4,468,699,SP,DP,True,84
2016-12-20,Tue,87,8,7,558,269,DP,SP,True,87
2016-12-21,Wed,30,3,0,445,677,DP,DP,True,30
2016-12-22,Thu,12,1,2,489,589,SP,SP,True,12
2016-12-23,Fri,19,1,9,399,568,DP,SP,True,19
2016-12-24,Sat,59,5,9,447,478,DP,SP,True,59
2016-12-26,Mon,81,8,1,170,489,SP,SP,True,81
2016-12-27,Tue,45,4,5,356,348,SP,SP,True,45
2016-12-28,Wed,48,4,8,680,233,SP,DP,True,48
2016-12-29,Thu,61,6,1,600,335,DP,DP,True,61
2016-12-30,Fri,60,6,0,466,569,DP,SP,True,60
2016-12-31,Sat,57,5,7,140,458,SP,SP,True,57
2017-01-02,Mon,80,8,0,260,389,SP,SP,True,80
2017-01-03,Tue,86,8,6,224,268,DP,SP,True,86
2017-01-04,Wed,76,7,6,449,268,DP,SP,True,76
2017-01-05,Thu,46,4,6,789,259,SP,SP,True,46
2017-01-06,Fri,58,5,8,780,260,SP,SP,True,58
2017-01-07,Sat,48,4,8,158,170,SP,SP,True,48
2017-01-09,Mon,84,8,4,189,446,SP,DP,True,84
2017-01-10,Tue,98,9,8,379,567,SP,SP,True,98
2017-01-11,Wed,00,0,0,578,578,SP,SP,True,00
2017-01-12,Thu,49,4,9,356,234,SP,SP,True,49
2017-01-13,Fri,66,6,6,457,367,SP,SP,True,66
2017-01-14,Sat,84,8,4,116,257,DP,SP,True,84
2017-01-16,Mon,62,6,2,349,345,SP,SP,True,62
2017-01-17,Tue,14,1,4,560,167,SP,SP,True,14
2017-01-18,Wed,45,4,5,112,140,DP,SP,True,45
2017-01-19,Thu,24,2,4,589,239,SP,SP,True,24
2017-01-20,Fri,05,0,5,127,159,SP,SP,True,05
2017-01-21,Sat,82,8,2,459,390,SP,SP,True,82
2017-01-23,Mon,59,5,9,168,667,SP,DP,True,59
2017-01-24,Tue,18,1,8,245,378,SP,SP,True,18
2017-01-25,Wed,99,9,9,234,667,SP,DP,True,99
2017-01-26,Thu,,,,,,,,False,**
2017-01-27,Fri,65,6,5,268,267,SP,SP,True,65
2017-01-28,Sat,78,7,8,557,260,DP,SP,True,78
2017-01-30,Mon,22,2,2,138,390,SP,SP,True,22
2017-01-31,Tue,08,0,8,389,468,SP,SP,True,08
2017-02-01,Wed,96,9,6,478,123,SP,SP,True,96
2017-02-02,Thu,31,3,1,670,236,SP,SP,True,31
2017-02-03,Fri,75,7,5,250,249,SP,SP,True,75
2017-02-04,Sat,10,1,0,380,136,SP,SP,True,10
2017-02-06,Mon,53,5,3,357,148,SP,SP,True,53
2017-02-07,Tue,22,2,2,147,589,SP,SP,True,22
2017-02-08,Wed,96,9,6,469,178,SP,SP,True,96
2017-02-09,Thu,56,5,6,159,358,SP,SP,True,56
2017-02-10,Fri,24,2,4,390,446,SP,DP,True,24
2017-02-11,Sat,32,3,2,346,147,SP,SP,True,32
2017-02-13,Mon,10,1,0,335,226,DP,DP,True,10
2017-02-14,Tue,94,9,4,450,158,SP,SP,True,94
2017-02-15,Wed,91,9,1,360,579,SP,SP,True,91
2017-02-16,Thu,94,9,4,135,400,SP,DP,True,94
2017-02-17,Fri,32,3,2,490,679,SP,SP,True,32
2017-02-18,Sat,35,3,5,670,249,SP,SP,True,35
2017-02-20,Mon,35,3,5,238,366,SP,DP,True,35
2017-02-21,Tue,58,5,8,159,279,SP,SP,True,58
2017-02-22,Wed,35,3,5,689,267,SP,SP,True,35
2017-02-23,Thu,73,7,3,467,148,SP,SP,True,73
2017-02-24,Fri,04,0,4,569,680,SP,SP,True,04
2017-02-25,Sat,45,4,5,356,889,SP,DP,True,45
2017-02-27,Mon,82,8,2,125,138,SP,SP,True,82
2017-02-28,Tue,89,8,9,378,469,SP,SP,True,89
2017-03-01,Wed,43,4,3,239,779,SP,DP,True,43
2017-03-02,Thu,43,4,3,167,355,SP,DP,True,43
2017-03-03,Fri,47,4,7,158,557,SP,DP,True,47
2017-03-04,Sat,16,1,6,579,330,SP,DP,True,16
2017-03-06,Mon,22,2,2,688,480,DP,SP,True,22
2017-03-07,Tue,46,4,6,590,277,SP,DP,True,46
2017-03-08,Wed,46,4,6,130,169,SP,SP,True,46
2017-03-09,Thu,35,3,5,238,456,SP,SP,True,35
2017-03-10,Fri,01,0,1,460,579,SP,SP,True,01
2017-03-11,Sat,40,4,0,356,235,SP,SP,True,40
2017-03-13,Mon,,,,,,,,False,**
2017-03-14,Tue,81,8,1,350,344,SP,DP,True,81
2017-03-15,Wed,22,2,2,147,200,SP,DP,True,22
2017-03-16,Thu,25,2,5,390,267,SP,SP,True,25
2017-03-17,Fri,70,7,0,160,488,SP,DP,True,70
2017-03-18,Sat,95,9,5,577,168,DP,SP,True,95
2017-03-20,Mon,30,3,0,256,280,SP,SP,True,30
2017-03-21,Tue,52,5,2,159,200,SP,DP,True,52
2017-03-22,Wed,86,8,6,189,240,SP,SP,True,86
2017-03-23,Thu,81,8,1,459,290,SP,SP,True,81
2017-03-24,Fri,11,1,1,678,579,SP,SP,True,11
2017-03-25,Sat,61,6,1,358,560,SP,SP,True,61
2017-03-27,Mon,57,5,7,230,188,SP,DP,True,57
2017-03-28,Tue,12,1,2,399,499,DP,DP,True,12
2017-03-29,Wed,06,0,6,668,277,DP,DP,True,06
2017-03-30,Thu,18,1,8,236,567,SP,SP,True,18
2017-03-31,Fri,65,6,5,367,159,SP,SP,True,65
2017-04-01,Sat,42,4,2,347,200,SP,DP,True,42
2017-04-03,Mon,16,1,6,470,240,SP,SP,True,16
2017-04-04,Tue,93,9,3,469,256,SP,SP,True,93
2017-04-05,Wed,11,1,1,236,470,SP,SP,True,11
2017-04-06,Thu,42,4,2,347,345,SP,SP,True,42
2017-04-07,Fri,35,3,5,445,339,DP,DP,True,35
2017-04-08,Sat,87,8,7,558,223,DP,DP,True,87
2017-04-10,Mon,93,9,3,469,346,SP,SP,True,93
2017-04-11,Tue,82,8,2,459,660,SP,DP,True,82
2017-04-12,Wed,57,5,7,168,160,SP,SP,True,57
2017-04-13,Thu,81,8,1,468,146,SP,SP,True,81
2017-04-14,Fri,58,5,8,168,369,SP,SP,True,58
2017-04-15,Sat,17,1,7,245,160,SP,SP,True,17
2017-04-17,Mon,99,9,9,180,234,SP,SP,True,99
2017-04-18,Tue,38,3,8,139,279,SP,SP,True,38
2017-04-19,Wed,92,9,2,234,129,SP,SP,True,92
2017-04-20,Thu,66,6,6,169,367,SP,SP,True,66
2017-04-21,Fri,10,1,0,560,127,SP,SP,True,10
2017-04-22,Sat,68,6,8,358,170,SP,SP,True,68
2017-04-24,Mon,98,9,8,450,800,SP,DP,True,98
2017-04-25,Tue,59,5,9,456,135,SP,SP,True,59
2017-04-26,Wed,56,5,6,690,448,SP,DP,True,56
2017-04-27,Thu,58,5,8,357,459,SP,SP,True,58
2017-04-28,Fri,06,0,6,488,556,DP,DP,True,06
2017-04-29,Sat,28,2,8,480,378,SP,SP,True,28
2017-05-01,Mon,05,0,5,136,456,SP,SP,True,05
2017-05-02,Tue,77,7,7,890,368,SP,SP,True,77
2017-05-03,Wed,28,2,8,679,125,SP,SP,True,28
2017-05-04,Thu,14,1,4,380,789,SP,SP,True,14
2017-05-05,Fri,38,3,8,490,247,SP,SP,True,38
2017-05-06,Sat,92,9,2,180,138,SP,SP,True,92
2017-05-08,Mon,01,0,1,136,290,SP,SP,True,01
2017-05-09,Tue,79,7,9,124,270,SP,SP,True,79
2017-05-10,Wed,76,7,6,124,349,SP,SP,True,76
2017-05-11,Thu,89,8,9,134,333,SP,TP,True,89
2017-05-12,Fri,87,8,7,468,160,SP,SP,True,87
2017-05-13,Sat,17,1,7,290,250,SP,SP,True,17
2017-05-15,Mon,28,2,8,156,189,SP,SP,True,28
2017-05-16,Tue,94,9,4,270,455,SP,DP,True,94
2017-05-17,Wed,86,8,6,468,466,SP,DP,True,86
2017-05-18,Thu,80,8,0,279,488,SP,DP,True,80
2017-05-19,Fri,25,2,5,345,500,SP,DP,True,25
2017-05-20,Sat,46,4,6,257,349,SP,SP,True,46
2017-05-22,Mon,77,7,7,458,890,SP,SP,True,77
2017-05-23,Tue,42,4,2,338,129,DP,SP,True,42
2017-05-24,Wed,58,5,8,159,558,SP,DP,True,58
2017-05-25,Thu,42,4,2,149,679,SP,SP,True,42
2017-05-26,Fri,51,5,1,122,579,DP,SP,True,51
2017-05-27,Sat,45,4,5,356,267,SP,SP,True,45
2017-05-29,Mon,52,5,2,357,156,SP,SP,True,52
2017-05-30,Tue,75,7,5,124,168,SP,SP,True,75
2017-05-31,Wed,91,9,1,478,579,SP,SP,True,91
2017-06-01,Thu,34,3,4,120,789,SP,SP,True,34
2017-06-02,Fri,03,0,3,370,120,SP,SP,True,03
2017-06-03,Sat,41,4,1,789,344,SP,DP,True,41
2017-06-05,Mon,06,0,6,569,790,SP,SP,True,06
2017-06-06,Tue,84,8,4,558,347,DP,SP,True,84
2017-06-07,Wed,04,0,4,190,257,SP,SP,True,04
2017-06-08,Thu,15,1,5,155,569,DP,SP,True,15
2017-06-09,Fri,60,6,0,899,145,DP,SP,True,60
2017-06-10,Sat,69,6,9,880,135,DP,SP,True,69
2017-06-12,Mon,86,8,6,134,600,SP,DP,True,86
2017-06-13,Tue,01,0,1,569,380,SP,SP,True,01
2017-06-14,Wed,41,4,1,130,277,SP,DP,True,41
2017-06-15,Thu,71,7,1,223,489,DP,SP,True,71
2017-06-16,Fri,60,6,0,178,550,SP,DP,True,60
2017-06-17,Sat,27,2,7,390,359,SP,SP,True,27
2017-06-19,Mon,88,8,8,279,170,SP,SP,True,88
2017-06-20,Tue,89,8,9,567,469,SP,SP,True,89
2017-06-21,Wed,28,2,8,129,116,SP,DP,True,28
2017-06-22,Thu,64,6,4,556,149,DP,SP,True,64
2017-06-23,Fri,49,4,9,149,667,SP,DP,True,49
2017-06-24,Sat,74,7,4,188,590,DP,SP,True,74
2017-06-26,Mon,,,,,,,,False,**
2017-06-27,Tue,61,6,1,457,245,SP,SP,True,61
2017-06-28,Wed,22,2,2,499,246,DP,SP,True,22
2017-06-29,Thu,06,0,6,190,268,SP,SP,True,06
2017-06-30,Fri,32,3,2,157,390,SP,SP,True,32
2017-07-01,Sat,88,8,8,260,170,SP,SP,True,88
2017-07-03,Mon,78,7,8,458,378,SP,SP,True,78
2017-07-04,Tue,55,5,5,456,267,SP,SP,True,55
2017-07-05,Wed,35,3,5,256,500,SP,DP,True,35
2017-07-06,Thu,32,3,2,670,138,SP,SP,True,32
2017-07-07,Fri,95,9,5,144,889,DP,DP,True,95
2017-07-08,Sat,24,2,4,570,167,SP,SP,True,24
2017-07-10,Mon,04,0,4,479,590,SP,SP,True,04
2017-07-11,Tue,46,4,6,167,600,SP,DP,True,46
2017-07-12,Wed,02,0,2,370,129,SP,SP,True,02
2017-07-13,Thu,97,9,7,478,890,SP,SP,True,97
2017-07-14,Fri,07,0,7,370,368,SP,SP,True,07
2017-07-15,Sat,09,0,9,145,379,SP,SP,True,09
2017-07-17,Mon,67,6,7,123,124,SP,SP,True,67
2017-07-18,Tue,04,0,4,190,789,SP,SP,True,04
2017-07-19,Wed,00,0,0,677,334,DP,DP,True,00
2017-07-20,Thu,69,6,9,790,667,SP,DP,True,69
2017-07-21,Fri,22,2,2,200,138,DP,SP,True,22
2017-07-22,Sat,67,6,7,123,458,SP,SP,True,67
2017-07-24,Mon,43,4,3,590,256,SP,SP,True,43
2017-07-25,Tue,98,9,8,234,440,SP,DP,True,98
2017-07-26,Wed,15,1,5,579,168,SP,SP,True,15
2017-07-27,Thu,91,9,1,135,137,SP,SP,True,91
2017-07-28,Fri,43,4,3,220,580,DP,SP,True,43
2017-07-29,Sat,86,8,6,260,466,SP,DP,True,86
2017-07-31,Mon,62,6,2,178,499,SP,DP,True,62
2017-08-01,Tue,73,7,3,269,139,SP,SP,True,73
2017-08-02,Wed,49,4,9,699,667,DP,DP,True,49
2017-08-03,Thu,28,2,8,345,567,SP,SP,True,28
2017-08-04,Fri,22,2,2,345,156,SP,SP,True,22
2017-08-05,Sat,73,7,3,359,580,SP,SP,True,73
2017-08-07,Mon,67,6,7,790,179,SP,SP,True,67
2017-08-08,Tue,91,9,1,450,470,SP,SP,True,91
2017-08-09,Wed,67,6,7,790,458,SP,SP,True,67
2017-08-10,Thu,00,0,0,370,479,SP,SP,True,00
2017-08-11,Fri,88,8,8,990,288,DP,DP,True,88
2017-08-12,Sat,39,3,9,256,450,SP,SP,True,39
2017-08-14,Mon,86,8,6,469,240,SP,SP,True,86
2017-08-15,Tue,,,,,,,,False,**
2017-08-16,Wed,57,5,7,348,890,SP,SP,True,57
2017-08-17,Thu,92,9,2,270,570,SP,SP,True,92
2017-08-18,Fri,34,3,4,238,130,SP,SP,True,34
2017-08-19,Sat,46,4,6,248,123,SP,SP,True,46
2017-08-21,Mon,80,8,0,125,550,SP,DP,True,80
2017-08-22,Tue,77,7,7,368,278,SP,SP,True,77
2017-08-23,Wed,79,7,9,115,144,DP,DP,True,79
2017-08-24,Thu,55,5,5,140,456,SP,SP,True,55
2017-08-25,Fri,94,9,4,360,356,SP,SP,True,94
2017-08-26,Sat,77,7,7,340,269,SP,SP,True,77
2017-08-28,Mon,38,3,8,148,800,SP,DP,True,38
2017-08-29,Tue,61,6,1,150,489,SP,SP,True,61
2017-08-30,Wed,03,0,3,280,788,SP,DP,True,03
2017-08-31,Thu,06,0,6,479,457,SP,SP,True,06
2017-09-01,Fri,14,1,4,669,789,DP,SP,True,14
2017-09-02,Sat,52,5,2,159,336,SP,DP,True,52
2017-09-04,Mon,57,5,7,249,278,SP,SP,True,57
2017-09-05,Tue,63,6,3,358,670,SP,SP,True,63
2017-09-06,Wed,56,5,6,258,367,SP,SP,True,56
2017-09-07,Thu,26,2,6,147,114,SP,DP,True,26
2017-09-08,Fri,10,1,0,560,578,SP,SP,True,10
2017-09-09,Sat,62,6,2,178,570,SP,SP,True,62
2017-09-11,Mon,40,4,0,446,334,DP,DP,True,40
2017-09-12,Tue,02,0,2,127,570,SP,SP,True,02
2017-09-13,Wed,61,6,1,457,155,SP,DP,True,61
2017-09-14,Thu,83,8,3,288,670,DP,SP,True,83
2017-09-15,Fri,95,9,5,577,339,DP,DP,True,95
2017-09-16,Sat,13,1,3,560,238,SP,SP,True,13
2017-09-18,Mon,53,5,3,122,670,DP,SP,True,53
2017-09-19,Tue,01,0,1,127,245,SP,SP,True,01
2017-09-20,Wed,02,0,2,668,679,DP,SP,True,02
2017-09-21,Thu,73,7,3,160,238,SP,SP,True,73
2017-09-22,Fri,02,0,2,280,480,SP,SP,True,02
2017-09-23,Sat,36,3,6,670,178,SP,SP,True,36
2017-09-25,Mon,58,5,8,456,468,SP,SP,True,58
2017-09-26,Tue,61,6,1,457,560,SP,SP,True,61
2017-09-27,Wed,39,3,9,346,180,SP,SP,True,39
2017-09-28,Thu,81,8,1,170,579,SP,SP,True,81
2017-09-29,Fri,18,1,8,335,567,DP,SP,True,18
2017-09-30,Sat,15,1,5,344,258,DP,SP,True,15
2017-10-02,Mon,27,2,7,480,188,SP,DP,True,27
2017-10-03,Tue,91,9,1,469,146,SP,SP,True,91
2017-10-04,Wed,52,5,2,780,345,SP,SP,True,52
2017-10-05,Thu,76,7,6,458,150,SP,SP,True,76
2017-10-06,Fri,47,4,7,699,278,DP,SP,True,47
2017-10-07,Sat,79,7,9,124,234,SP,SP,True,79
2017-10-09,Mon,55,5,5,249,140,SP,SP,True,55
2017-10-10,Tue,74,7,4,278,680,SP,SP,True,74
2017-10-11,Wed,26,2,6,570,150,SP,SP,True,26
2017-10-12,Thu,22,2,2,480,589,SP,SP,True,22
2017-10-13,Fri,32,3,2,120,156,SP,SP,True,32
2017-10-14,Sat,06,0,6,569,358,SP,SP,True,06
2017-10-16,Mon,,,,,,,,False,**
2017-10-17,Tue,,,,,,,,False,**
2017-10-18,Wed,,,,,,,,False,**
2017-10-19,Thu,,,,,,,,False,**
2017-10-20,Fri,,,,,,,,False,**
2017-10-21,Sat,,,,,,,,False,**
2017-10-23,Mon,,,,,,,,False,**
2017-10-24,Tue,,,,,,,,False,**
2017-10-25,Wed,03,0,3,550,148,DP,SP,True,03
2017-10-26,Thu,38,3,8,788,477,DP,DP,True,38
2017-10-27,Fri,83,8,3,459,139,SP,SP,True,83
2017-10-28,Sat,03,0,3,370,490,SP,SP,True,03
2017-10-30,Mon,53,5,3,113,139,DP,SP,True,53
2017-10-31,Tue,56,5,6,122,169,DP,SP,True,56
2017-11-01,Wed,91,9,1,234,678,SP,SP,True,91
2017-11-02,Thu,41,4,1,680,137,SP,SP,True,41
2017-11-03,Fri,43,4,3,149,148,SP,SP,True,43
2017-11-04,Sat,73,7,3,377,580,DP,SP,True,73
2017-11-06,Mon,71,7,1,160,579,SP,SP,True,71
2017-11-07,Tue,10,1,0,678,677,SP,DP,True,10
2017-11-08,Wed,49,4,9,770,180,DP,SP,True,49
2017-11-09,Thu,02,0,2,479,129,SP,SP,True,02
2017-11-10,Fri,48,4,8,680,189,SP,SP,True,48
2017-11-11,Sat,85,8,5,189,690,SP,SP,True,85
2017-11-13,Mon,03,0,3,280,670,SP,SP,True,03
2017-11-14,Tue,39,3,9,689,360,SP,SP,True,39
2017-11-15,Wed,97,9,7,360,890,SP,SP,True,97
2017-11-16,Thu,38,3,8,229,125,DP,SP,True,38
2017-11-17,Fri,56,5,6,366,457,DP,SP,True,56
2017-11-18,Sat,89,8,9,125,469,SP,SP,True,89
2017-11-20,Mon,07,0,7,460,269,SP,SP,True,07
2017-11-21,Tue,99,9,9,478,234,SP,SP,True,99
2017-11-22,Wed,71,7,1,359,236,SP,SP,True,71
2017-11-23,Thu,71,7,1,124,137,SP,SP,True,71
2017-11-24,Fri,65,6,5,240,780,SP,SP,True,65
2017-11-25,Sat,22,2,2,570,129,SP,SP,True,22
2017-11-27,Mon,41,4,1,248,560,SP,SP,True,41
2017-11-28,Tue,58,5,8,258,260,SP,SP,True,58
2017-11-29,Wed,90,9,0,577,389,DP,SP,True,90
2017-11-30,Thu,95,9,5,360,230,SP,SP,True,95
2017-12-01,Fri,91,9,1,478,470,SP,SP,True,91
2017-12-02,Sat,18,1,8,579,369,SP,SP,True,18
2017-12-04,Mon,17,1,7,588,467,DP,SP,True,17
2017-12-05,Tue,33,3,3,346,238,SP,SP,True,33
2017-12-06,Wed,55,5,5,348,258,SP,SP,True,55
2017-12-07,Thu,48,4,8,257,224,SP,DP,True,48
2017-12-08,Fri,83,8,3,134,346,SP,SP,True,83
2017-12-09,Sat,54,5,4,357,680,SP,SP,True,54
2017-12-11,Mon,40,4,0,699,244,DP,DP,True,40
2017-12-12,Tue,40,4,0,149,677,SP,DP,True,40
2017-12-13,Wed,59,5,9,249,469,SP,SP,True,59
2017-12-14,Thu,60,6,0,240,226,SP,DP,True,60
2017-12-15,Fri,85,8,5,233,690,DP,SP,True,85
2017-12-16,Sat,68,6,8,150,990,SP,DP,True,68
2017-12-18,Mon,06,0,6,136,457,SP,SP,True,06
2017-12-19,Tue,11,1,1,155,669,DP,DP,True,11
2017-12-20,Wed,63,6,3,790,139,SP,SP,True,63
2017-12-21,Thu,81,8,1,369,380,SP,SP,True,81
2017-12-22,Fri,49,4,9,239,360,SP,SP,True,49
2017-12-23,Sat,53,5,3,889,229,DP,DP,True,53
2017-12-25,Mon,68,6,8,349,350,SP,SP,True,68
2017-12-26,Tue,42,4,2,167,589,SP,SP,True,42
2017-12-27,Wed,96,9,6,199,178,DP,SP,True,96
2017-12-28,Thu,88,8,8,477,350,DP,SP,True,88
2017-12-29,Fri,21,2,1,679,137,SP,SP,True,21
2017-12-30,Sat,80,8,0,378,479,SP,SP,True,80
2018-01-01,Mon,36,3,6,346,790,SP,SP,True,36
2018-01-02,Tue,81,8,1,468,227,SP,DP,True,81
2018-01-03,Wed,02,0,2,226,688,DP,DP,True,02
2018-01-04,Thu,24,2,4,147,789,SP,SP,True,24
2018-01-05,Fri,84,8,4,800,158,DP,SP,True,84
2018-01-06,Sat,21,2,1,138,245,SP,SP,True,21
2018-01-07,Mon,28,2,8,480,378,SP,SP,True,28
2018-01-08,Tue,34,3,4,599,257,DP,SP,True,34
2018-01-08,Mon,24,2,4,138,158,SP,SP,True,24
2018-01-09,Wed,34,3,4,490,266,SP,DP,True,34
2018-01-09,Tue,02,0,2,578,589,SP,SP,True,02
2018-01-10,Thu,32,3,2,580,110,SP,DP,True,32
2018-01-10,Wed,65,6,5,123,690,SP,SP,True,65
2018-01-11,Fri,17,1,7,678,449,SP,DP,True,17
2018-01-11,Thu,92,9,2,900,688,DP,DP,True,92
2018-01-12,Fri,92,9,2,478,390,SP,SP,True,92
2018-01-12,Sat,09,0,9,136,478,SP,SP,True,09
2018-01-13,Sat,54,5,4,366,167,DP,SP,True,54
2018-01-14,Mon,94,9,4,289,400,SP,DP,True,94
2018-01-15,Mon,62,6,2,349,778,SP,DP,True,62
2018-01-15,Tue,60,6,0,277,578,DP,SP,True,60
2018-01-16,Tue,58,5,8,500,233,DP,DP,True,58
2018-01-16,Wed,81,8,1,125,579,SP,SP,True,81
2018-01-17,Thu,60,6,0,457,145,SP,SP,True,60
2018-01-17,Wed,94,9,4,379,789,SP,SP,True,94
2018-01-18,Thu,42,4,2,590,336,SP,DP,True,42
2018-01-18,Fri,06,0,6,136,268,SP,SP,True,06
2018-01-19,Fri,30,3,0,779,235,DP,SP,True,30
2018-01-19,Sat,64,6,4,240,257,SP,SP,True,64
2018-01-20,Sat,60,6,0,358,370,SP,SP,True,60
2018-01-22,Mon,65,6,5,240,366,SP,DP,True,65
2018-01-23,Tue,84,8,4,567,220,SP,DP,True,84
2018-01-24,Wed,68,6,8,880,378,DP,SP,True,68
2018-01-25,Thu,50,5,0,456,389,SP,SP,True,50
2018-01-26,Fri,,,,,,,,False,**
2018-01-27,Sat,73,7,3,179,148,SP,SP,True,73
2018-01-29,Mon,18,1,8,678,468,SP,SP,True,18
2018-01-30,Tue,18,1,8,344,567,DP,SP,True,18
2018-01-31,Wed,11,1,1,579,380,SP,SP,True,11
2018-02-01,Thu,27,2,7,499,359,DP,SP,True,27
2018-02-02,Fri,76,7,6,269,349,SP,SP,True,76
2018-02-03,Sat,61,6,1,457,128,SP,SP,True,61
2018-02-05,Mon,38,3,8,139,134,SP,SP,True,38
2018-02-06,Tue,70,7,0,368,145,SP,SP,True,70
2018-02-07,Wed,76,7,6,359,349,SP,SP,True,76
2018-02-08,Thu,90,9,0,289,569,SP,SP,True,90
2018-02-09,Fri,42,4,2,266,589,DP,SP,True,42
2018-02-10,Sat,49,4,9,789,450,SP,SP,True,49
2018-02-12,Mon,29,2,9,778,360,DP,SP,True,29
2018-02-13,Tue,75,7,5,368,690,SP,SP,True,75
2018-02-14,Wed,52,5,2,249,679,SP,SP,True,52
2018-02-15,Thu,79,7,9,223,559,DP,DP,True,79
2018-02-16,Fri,31,3,1,788,344,DP,DP,True,31
2018-02-17,Sat,14,1,4,236,130,SP,SP,True,14
2018-02-19,Mon,59,5,9,690,289,SP,SP,True,59
2018-02-20,Tue,11,1,1,128,290,SP,SP,True,11
2018-02-21,Wed,17,1,7,236,467,SP,SP,True,17
2018-02-22,Thu,93,9,3,270,689,SP,SP,True,93
2018-02-23,Fri,89,8,9,170,270,SP,SP,True,89
2018-02-24,Sat,33,3,3,120,346,SP,SP,True,33
2018-02-26,Mon,25,2,5,255,168,DP,SP,True,25
2018-02-27,Tue,73,7,3,368,139,SP,SP,True,73
2018-02-28,Wed,00,0,0,244,479,DP,SP,True,00
2018-03-01,Thu,76,7,6,179,123,SP,SP,True,76
2018-03-02,Fri,,,,,,,,False,**
2018-03-03,Sat,97,9,7,135,115,SP,DP,True,97
2018-03-05,Mon,04,0,4,569,789,SP,SP,True,04
2018-03-06,Tue,25,2,5,345,258,SP,SP,True,25
2018-03-07,Wed,33,3,3,139,580,SP,SP,True,33
2018-03-08,Thu,35,3,5,148,249,SP,SP,True,35
2018-03-09,Fri,19,1,9,137,379,SP,SP,True,19
2018-03-10,Sat,76,7,6,890,367,SP,SP,True,76
2018-03-12,Mon,15,1,5,128,357,SP,SP,True,15
2018-03-13,Tue,26,2,6,589,367,SP,SP,True,26
2018-03-14,Wed,08,0,8,145,567,SP,SP,True,08
2018-03-15,Thu,77,7,7,160,557,SP,DP,True,77
2018-03-16,Fri,97,9,7,360,160,SP,SP,True,97
2018-03-17,Sat,30,3,0,247,136,SP,SP,True,30
2018-03-19,Mon,80,8,0,440,668,DP,DP,True,80
2018-03-20,Tue,43,4,3,770,670,DP,SP,True,43
2018-03-21,Wed,94,9,4,559,356,DP,SP,True,94
2018-03-22,Thu,77,7,7,700,458,DP,SP,True,77
2018-03-23,Fri,42,4,2,680,156,SP,SP,True,42
2018-03-24,Sat,32,3,2,256,589,SP,SP,True,32
2018-03-26,Mon,17,1,7,380,449,SP,DP,True,17
2018-03-27,Tue,04,0,4,244,356,DP,SP,True,04
2018-03-28,Wed,28,2,8,679,468,SP,SP,True,28
2018-03-29,Thu,36,3,6,490,466,SP,DP,True,36
2018-03-30,Fri,04,0,4,127,130,SP,SP,True,04
2018-03-31,Sat,39,3,9,148,469,SP,SP,True,39
2018-04-02,Mon,70,7,0,890,145,SP,SP,True,70
2018-04-03,Tue,06,0,6,569,790,SP,SP,True,06
2018-04-04,Wed,76,7,6,188,466,DP,DP,True,76
2018-04-05,Thu,12,1,2,146,778,SP,DP,True,12
2018-04-06,Fri,11,1,1,579,560,SP,SP,True,11
2018-04-07,Sat,90,9,0,289,569,SP,SP,True,90
2018-04-09,Mon,78,7,8,179,477,SP,DP,True,78
2018-04-10,Tue,50,5,0,357,578,SP,SP,True,50
2018-04-11,Wed,41,4,1,257,227,SP,DP,True,41
2018-04-12,Thu,75,7,5,340,177,SP,DP,True,75
2018-04-13,Fri,32,3,2,247,138,SP,SP,True,32
2018-04-14,Sat,82,8,2,288,129,DP,SP,True,82
2018-04-16,Mon,50,5,0,357,389,SP,SP,True,50
2018-04-17,Tue,47,4,7,248,459,SP,SP,True,47
2018-04-18,Wed,62,6,2,556,570,DP,SP,True,62
2018-04-19,Thu,76,7,6,250,600,SP,DP,True,76
2018-04-20,Fri,38,3,8,689,125,SP,SP,True,38
2018-04-21,Sat,46,4,6,248,600,SP,DP,True,46
2018-04-22,Mon,90,9,0,478,136,SP,SP,True,90
2018-04-23,Tue,80,8,0,279,578,SP,SP,True,80
2018-04-23,Mon,05,0,5,569,357,SP,SP,True,05
2018-04-24,Wed,35,3,5,788,122,DP,DP,True,35
2018-04-24,Tue,22,2,2,390,147,SP,SP,True,22
2018-04-25,Thu,84,8,4,459,455,SP,DP,True,84
2018-04-25,Wed,05,0,5,190,230,SP,SP,True,05
2018-04-26,Fri,37,3,7,229,179,DP,SP,True,37
2018-04-26,Thu,61,6,1,448,290,DP,SP,True,61
2018-04-27,Fri,81,8,1,369,290,SP,SP,True,81
2018-04-27,Sat,10,1,0,100,145,DP,SP,True,10
2018-04-28,Sat,83,8,3,350,689,SP,SP,True,83
2018-04-30,Mon,91,9,1,135,128,SP,SP,True,91
2018-05-01,Tue,21,2,1,237,245,SP,SP,True,21
2018-05-02,Wed,54,5,4,357,356,SP,SP,True,54
2018-05-03,Thu,86,8,6,567,240,SP,SP,True,86
2018-05-04,Fri,73,7,3,188,139,DP,SP,True,73
2018-05-05,Sat,59,5,9,267,379,SP,SP,True,59
2018-05-07,Mon,07,0,7,244,377,DP,DP,True,07
2018-05-08,Tue,82,8,2,279,499,SP,DP,True,82
2018-05-09,Wed,81,8,1,260,470,SP,SP,True,81
2018-05-10,Thu,91,9,1,180,227,SP,DP,True,91
2018-05-11,Fri,51,5,1,168,579,SP,SP,True,51
2018-05-12,Sat,25,2,5,110,249,DP,SP,True,25
2018-05-14,Mon,00,0,0,488,190,DP,SP,True,00
2018-05-15,Tue,47,4,7,388,340,DP,SP,True,47
2018-05-16,Wed,80,8,0,134,668,SP,DP,True,80
2018-05-17,Thu,53,5,3,177,139,DP,SP,True,53
2018-05-18,Fri,00,0,0,226,488,DP,DP,True,00
2018-05-19,Sat,70,7,0,377,127,DP,SP,True,70
2018-05-21,Mon,68,6,8,150,288,SP,DP,True,68
2018-05-22,Tue,09,0,9,479,270,SP,SP,True,09
2018-05-23,Wed,92,9,2,289,138,SP,SP,True,92
2018-05-24,Thu,99,9,9,270,478,SP,SP,True,99
2018-05-25,Fri,99,9,9,126,469,SP,SP,True,99
2018-05-26,Sat,76,7,6,467,114,SP,DP,True,76
2018-05-28,Mon,65,6,5,457,159,SP,SP,True,65
2018-05-29,Tue,40,4,0,789,127,SP,SP,True,40
2018-05-30,Wed,86,8,6,800,259,DP,SP,True,86
2018-05-31,Thu,01,0,1,668,119,DP,DP,True,01
2018-06-01,Fri,62,6,2,259,499,SP,DP,True,62
2018-06-02,Sat,45,4,5,266,690,DP,SP,True,45
2018-06-04,Mon,08,0,8,127,134,SP,SP,True,08
2018-06-05,Tue,41,4,1,158,128,SP,SP,True,41
2018-06-06,Wed,22,2,2,255,660,DP,DP,True,22
2018-06-07,Thu,42,4,2,167,390,SP,SP,True,42
2018-06-08,Fri,54,5,4,159,789,SP,SP,True,54
2018-06-09,Sat,25,2,5,156,357,SP,SP,True,25
2018-06-11,Mon,22,2,2,228,570,DP,SP,True,22
2018-06-12,Tue,20,2,0,345,280,SP,SP,True,20
2018-06-13,Wed,92,9,2,469,246,SP,SP,True,92
2018-06-14,Thu,62,6,2,899,390,DP,SP,True,62
2018-06-15,Fri,07,0,7,370,467,SP,SP,True,07
2018-06-16,Sat,,,,,,,,False,**
2018-06-18,Mon,89,8,9,567,379,SP,SP,True,89
2018-06-19,Tue,98,9,8,469,125,SP,SP,True,98
2018-06-20,Wed,45,4,5,356,258,SP,SP,True,45
2018-06-21,Thu,24,2,4,336,248,DP,SP,True,24
2018-06-22,Fri,98,9,8,289,279,SP,SP,True,98
2018-06-23,Sat,94,9,4,234,455,SP,DP,True,94
2018-06-25,Mon,83,8,3,260,490,SP,SP,True,83
2018-06-26,Tue,64,6,4,448,338,DP,DP,True,64
2018-06-27,Wed,77,7,7,890,890,SP,SP,True,77
2018-06-28,Thu,99,9,9,469,450,SP,SP,True,99
2018-06-29,Fri,53,5,3,690,238,SP,SP,True,53
2018-06-30,Sat,82,8,2,567,246,SP,SP,True,82
2018-07-02,Mon,97,9,7,450,890,SP,SP,True,97
2018-07-03,Tue,89,8,9,350,568,SP,SP,True,89
2018-07-04,Wed,22,2,2,480,480,SP,SP,True,22
2018-07-05,Thu,18,1,8,146,170,SP,SP,True,18
2018-07-06,Fri,65,6,5,367,348,SP,SP,True,65
2018-07-07,Sat,60,6,0,268,127,SP,SP,True,60
2018-07-09,Mon,56,5,6,168,178,SP,SP,True,56
2018-07-10,Tue,69,6,9,240,379,SP,SP,True,69
2018-07-11,Wed,46,4,6,130,358,SP,SP,True,46
2018-07-12,Thu,31,3,1,788,100,DP,DP,True,31
2018-07-13,Fri,19,1,9,470,450,SP,SP,True,19
2018-07-14,Sat,87,8,7,,250,,SP,True,87
2018-07-16,Mon,08,0,8,145,170,SP,SP,True,08
2018-07-17,Tue,26,2,6,778,178,DP,SP,True,26
2018-07-18,Wed,07,0,7,299,557,DP,DP,True,07
2018-07-19,Thu,50,5,0,249,488,SP,DP,True,50
2018-07-20,Fri,68,6,8,556,134,DP,SP,True,68
2018-07-21,Sat,11,1,1,470,245,SP,SP,True,11
2018-07-23,Mon,62,6,2,358,570,SP,SP,True,62
2018-07-24,Tue,51,5,1,348,146,SP,SP,True,51
2018-07-25,Wed,08,0,8,569,990,SP,DP,True,08
2018-07-26,Thu,58,5,8,168,350,SP,SP,True,58
2018-07-27,Fri,31,3,1,229,560,DP,SP,True,31
2018-07-28,Sat,65,6,5,448,140,DP,SP,True,65
2018-07-30,Mon,43,4,3,770,689,DP,SP,True,43
2018-07-31,Tue,47,4,7,248,700,SP,DP,True,47
2018-08-01,Wed,00,0,0,578,389,SP,SP,True,00
2018-08-02,Thu,27,2,7,129,160,SP,SP,True,27
2018-08-03,Fri,83,8,3,800,599,DP,DP,True,83
2018-08-04,Sat,27,2,7,156,467,SP,SP,True,27
2018-08-06,Mon,23,2,3,237,355,SP,DP,True,23
2018-08-07,Tue,24,2,4,679,338,SP,DP,True,24
2018-08-08,Wed,88,8,8,125,459,SP,SP,True,88
2018-08-09,Thu,46,4,6,770,600,DP,DP,True,46
2018-08-10,Fri,46,4,6,680,330,SP,DP,True,46
2018-08-11,Sat,63,6,3,349,337,SP,DP,True,63
2018-08-13,Mon,29,2,9,345,469,SP,SP,True,29
2018-08-14,Tue,73,7,3,250,256,SP,SP,True,73
2018-08-15,Wed,,,,,,,,False,**
2018-08-16,Thu,06,0,6,235,178,SP,SP,True,06
2018-08-17,Fri,66,6,6,277,367,DP,SP,True,66
2018-08-18,Sat,55,5,5,780,159,SP,SP,True,55
2018-08-20,Mon,88,8,8,369,567,SP,SP,True,88
2018-08-21,Tue,11,1,1,227,489,DP,SP,True,11
2018-08-22,Wed,36,3,6,779,178,DP,SP,True,36
2018-08-23,Thu,43,4,3,499,139,DP,SP,True,43
2018-08-24,Fri,90,9,0,568,190,SP,SP,True,90
2018-08-25,Sat,66,6,6,169,367,SP,SP,True,66
2018-08-27,Mon,48,4,8,167,567,SP,SP,True,48
2018-08-28,Tue,19,1,9,245,270,SP,SP,True,19
2018-08-29,Wed,77,7,7,278,467,SP,SP,True,77
2018-08-30,Thu,04,0,4,389,239,SP,SP,True,04
2018-08-31,Fri,90,9,0,379,127,SP,SP,True,90
2018-09-01,Sat,91,9,1,126,245,SP,SP,True,91
2018-09-03,Mon,47,4,7,680,124,SP,SP,True,47
2018-09-04,Tue,62,6,2,367,200,SP,DP,True,62
2018-09-05,Wed,97,9,7,234,179,SP,SP,True,97
2018-09-06,Thu,10,1,0,380,235,SP,SP,True,10
2018-09-07,Fri,12,1,2,678,589,SP,SP,True,12
2018-09-08,Sat,84,8,4,125,167,SP,SP,True,84
2018-09-10,Mon,82,8,2,468,589,SP,SP,True,82
2018-09-11,Tue,88,8,8,990,440,DP,DP,True,88
2018-09-12,Wed,25,2,5,589,456,SP,SP,True,25
2018-09-13,Thu,28,2,8,679,567,SP,SP,True,28
2018-09-14,Fri,66,6,6,349,178,SP,SP,True,66
2018-09-15,Sat,58,5,8,357,369,SP,SP,True,58
2018-09-17,Mon,04,0,4,460,455,SP,DP,True,04
2018-09-18,Tue,51,5,1,456,245,SP,SP,True,51
2018-09-19,Wed,75,7,5,160,159,SP,SP,True,75
2018-09-20,Thu,08,0,8,569,468,SP,SP,True,08
2018-09-21,Fri,94,9,4,478,130,SP,SP,True,94
2018-09-22,Sat,39,3,9,490,180,SP,SP,True,39
2018-09-24,Mon,77,7,7,278,278,SP,SP,True,77
2018-09-25,Tue,18,1,8,380,233,SP,DP,True,18
2018-09-26,Wed,73,7,3,368,689,SP,SP,True,73
2018-09-27,Thu,95,9,5,126,168,SP,SP,True,95
2018-09-28,Fri,19,1,9,245,180,SP,SP,True,19
2018-09-29,Sat,19,1,9,245,559,SP,DP,True,19
2018-10-01,Mon,88,8,8,224,459,DP,SP,True,88
2018-10-02,Tue,75,7,5,250,267,SP,SP,True,75
2018-10-03,Wed,77,7,7,179,449,SP,DP,True,77
2018-10-04,Thu,53,5,3,267,788,SP,DP,True,53
2018-10-05,Fri,83,8,3,116,337,DP,DP,True,83
2018-10-06,Sat,84,8,4,468,347,SP,SP,True,84
2018-10-08,Mon,57,5,7,159,115,SP,DP,True,57
2018-10-09,Tue,45,4,5,680,339,SP,DP,True,45
2018-10-10,Wed,72,7,2,160,138,SP,SP,True,72
2018-10-11,Thu,20,2,0,688,190,DP,SP,True,20
2018-10-12,Fri,27,2,7,570,160,SP,SP,True,27
2018-10-13,Sat,45,4,5,266,357,DP,SP,True,45
2018-10-15,Mon,52,5,2,267,660,SP,DP,True,52
2018-10-16,Tue,99,9,9,568,126,SP,SP,True,99
2018-10-17,Wed,30,3,0,580,136,SP,SP,True,30
2018-10-18,Thu,34,3,4,229,770,DP,DP,True,34
2018-10-19,Fri,52,5,2,168,237,SP,SP,True,52
2018-10-20,Sat,68,6,8,240,170,SP,SP,True,68
2018-10-22,Mon,63,6,3,169,788,SP,DP,True,63
2018-10-23,Tue,57,5,7,780,179,SP,SP,True,57
2018-10-24,Wed,12,1,2,335,778,DP,DP,True,12
2018-10-25,Thu,79,7,9,467,135,SP,SP,True,79
2018-10-26,Fri,20,2,0,679,334,SP,DP,True,20
2018-10-27,Sat,41,4,1,400,560,DP,SP,True,41
2018-10-29,Mon,78,7,8,700,116,DP,DP,True,78
2018-10-30,Tue,74,7,4,368,257,SP,SP,True,74
2018-10-31,Wed,97,9,7,667,124,DP,SP,True,97
2018-11-01,Thu,37,3,7,300,566,DP,DP,True,37
2018-11-02,Fri,74,7,4,890,590,SP,SP,True,74
2018-11-03,Sat,81,8,1,468,678,SP,SP,True,81
2018-11-05,Mon,,,,,,,,False,**
2018-11-06,Tue,,,,,,,,False,**
2018-11-07,Wed,,,,,,,,False,**
2018-11-08,Thu,,,,,,,,False,**
2018-11-09,Fri,,,,,,,,False,**
2018-11-10,Sat,,,,,,,,False,**
2018-11-12,Mon,43,4,3,680,148,SP,SP,True,43
2018-11-13,Tue,31,3,1,580,290,SP,SP,True,31
2018-11-14,Wed,99,9,9,900,234,DP,SP,True,99
2018-11-15,Thu,79,7,9,179,450,SP,SP,True,79
2018-11-16,Fri,73,7,3,269,580,SP,SP,True,73
2018-11-17,Sat,09,0,9,127,180,SP,SP,True,09
2018-11-19,Mon,06,0,6,479,349,SP,SP,True,06
2018-11-20,Tue,99,9,9,469,900,SP,DP,True,99
2018-11-21,Wed,33,3,3,139,788,SP,DP,True,33
2018-11-22,Thu,27,2,7,499,340,DP,SP,True,27
2018-11-23,Fri,63,6,3,899,148,DP,SP,True,63
2018-11-24,Sat,09,0,9,577,577,DP,DP,True,09
2018-11-26,Mon,09,0,9,569,135,SP,SP,True,09
2018-11-27,Tue,94,9,4,667,112,DP,DP,True,94
2018-11-28,Wed,84,8,4,125,220,SP,DP,True,84
2018-11-29,Thu,91,9,1,126,128,SP,SP,True,91
2018-11-30,Fri,85,8,5,567,339,SP,DP,True,85
2018-12-01,Sat,62,6,2,880,147,DP,SP,True,62
2018-12-03,Mon,39,3,9,346,577,SP,DP,True,39
2018-12-04,Tue,19,1,9,236,577,SP,DP,True,19
2018-12-05,Wed,07,0,7,578,700,SP,DP,True,07
2018-12-06,Thu,01,0,1,145,489,SP,SP,True,01
2018-12-07,Fri,60,6,0,358,226,SP,DP,True,60
2018-12-08,Sat,49,4,9,248,568,SP,SP,True,49
2018-12-10,Mon,62,6,2,556,345,DP,SP,True,62
2018-12-11,Tue,02,0,2,280,660,SP,DP,True,02
2018-12-12,Wed,68,6,8,178,170,SP,SP,True,68
2018-12-13,Thu,06,0,6,299,178,DP,SP,True,06
2018-12-14,Fri,07,0,7,226,566,DP,DP,True,07
2018-12-15,Sat,06,0,6,136,466,SP,DP,True,06
2018-12-17,Mon,35,3,5,148,267,SP,SP,True,35
2018-12-18,Tue,60,6,0,123,460,SP,SP,True,60
2018-12-19,Wed,98,9,8,270,134,SP,SP,True,98
2018-12-20,Thu,84,8,4,557,699,DP,DP,True,84
2018-12-21,Fri,23,2,3,255,788,DP,DP,True,23
2018-12-22,Sat,62,6,2,448,246,DP,SP,True,62
2018-12-24,Mon,62,6,2,178,255,SP,DP,True,62
2018-12-25,Tue,87,8,7,189,124,SP,SP,True,87
2018-12-26,Wed,04,0,4,370,257,SP,SP,True,04
2018-12-27,Thu,34,3,4,148,356,SP,SP,True,34
2018-12-28,Fri,58,5,8,258,189,SP,SP,True,58
2018-12-29,Sat,90,9,0,270,145,SP,SP,True,90
2018-12-31,Mon,66,6,6,330,123,DP,SP,True,66
2019-01-01,Tue,32,3,2,346,237,SP,SP,True,32
2019-01-02,Wed,86,8,6,279,150,SP,SP,True,86
2019-01-03,Thu,21,2,1,589,579,SP,SP,True,21
2019-01-04,Fri,14,1,4,227,347,DP,SP,True,14
2019-01-05,Sat,82,8,2,459,480,SP,SP,True,82
2019-01-21,Mon,38,3,8,139,134,SP,SP,True,38
2019-01-22,Tue,09,0,9,389,900,SP,DP,True,09
2019-01-23,Wed,41,4,1,167,236,SP,SP,True,41
2019-01-24,Thu,95,9,5,180,258,SP,SP,True,95
2019-01-25,Fri,69,6,9,457,144,SP,DP,True,69
2019-01-26,Sat,,,,,,,,False,**
2019-01-28,Mon,79,7,9,250,559,SP,DP,True,79
2019-01-29,Tue,38,3,8,139,224,SP,DP,True,38
2019-01-30,Wed,85,8,5,440,230,DP,SP,True,85
2019-01-31,Thu,59,5,9,780,379,SP,SP,True,59
2019-02-01,Fri,66,6,6,790,114,SP,DP,True,66
2019-02-02,Sat,57,5,7,357,188,SP,DP,True,57
2019-02-04,Mon,65,6,5,178,122,SP,DP,True,65
2019-02-05,Tue,29,2,9,110,135,DP,SP,True,29
2019-02-06,Wed,09,0,9,190,289,SP,SP,True,09
2019-02-07,Thu,85,8,5,378,357,SP,SP,True,85
2019-02-08,Fri,35,3,5,689,500,SP,DP,True,35
2019-02-09,Sat,87,8,7,224,368,DP,SP,True,87
2019-02-11,Mon,97,9,7,577,458,DP,SP,True,97
2019-02-12,Tue,41,4,1,699,380,DP,SP,True,41
2019-02-13,Wed,63,6,3,556,148,DP,SP,True,63
2019-02-14,Thu,66,6,6,178,600,SP,DP,True,66
2019-02-15,Fri,17,1,7,579,250,SP,SP,True,17
2019-02-16,Sat,81,8,1,558,344,DP,DP,True,81
2019-02-18,Mon,87,8,7,567,160,SP,SP,True,87
2019-02-19,Tue,74,7,4,223,446,DP,DP,True,74
2019-02-20,Wed,12,1,2,155,129,DP,SP,True,12
2019-02-21,Thu,72,7,2,557,679,DP,SP,True,72
2019-02-22,Fri,95,9,5,135,113,SP,DP,True,95
2019-02-23,Sat,33,3,3,256,670,SP,SP,True,33
2019-02-25,Mon,14,1,4,579,590,SP,SP,True,14
2019-02-26,Tue,41,4,1,130,146,SP,SP,True,41
2019-02-27,Wed,42,4,2,149,688,SP,DP,True,42
2019-02-28,Thu,59,5,9,177,270,DP,SP,True,59
2019-03-01,Fri,74,7,4,467,149,SP,SP,True,74
2019-03-02,Sat,29,2,9,246,234,SP,SP,True,29
2019-03-04,Mon,94,9,4,559,167,DP,SP,True,94
2019-03-05,Tue,39,3,9,139,234,SP,SP,True,39
2019-03-06,Wed,43,4,3,158,580,SP,SP,True,43
2019-03-07,Thu,39,3,9,256,568,SP,SP,True,39
2019-03-08,Fri,64,6,4,240,167,SP,SP,True,64
2019-03-09,Sat,11,1,1,579,146,SP,SP,True,11
2019-03-11,Mon,75,7,5,557,140,DP,SP,True,75
2019-03-12,Tue,93,9,3,135,689,SP,SP,True,93
2019-03-13,Wed,18,1,8,380,378,SP,SP,True,18
2019-03-14,Thu,17,1,7,137,890,SP,SP,True,17
2019-03-15,Fri,84,8,4,279,347,SP,SP,True,84
2019-03-16,Sat,61,6,1,367,579,SP,SP,True,61
2019-03-18,Mon,35,3,5,139,140,SP,SP,True,35
2019-03-19,Tue,72,7,2,368,345,SP,SP,True,72
2019-03-20,Wed,42,4,2,149,246,SP,SP,True,42
2019-03-21,Thu,,,,,,,,False,**
2019-03-22,Fri,56,5,6,357,123,SP,SP,True,56
2019-03-23,Sat,56,5,6,500,249,DP,SP,True,56
2019-03-25,Mon,94,9,4,478,338,SP,DP,True,94
2019-03-26,Tue,11,1,1,579,128,SP,SP,True,11
2019-03-27,Wed,85,8,5,260,690,SP,SP,True,85
2019-03-28,Thu,77,7,7,467,377,SP,DP,True,77
2019-03-29,Fri,82,8,2,279,589,SP,SP,True,82
2019-03-30,Sat,74,7,4,890,158,SP,SP,True,74
2019-04-01,Mon,19,1,9,560,270,SP,SP,True,19
2019-04-02,Tue,07,0,7,136,160,SP,SP,True,07
2019-04-03,Wed,32,3,2,157,480,SP,SP,True,32
2019-04-04,Thu,48,4,8,699,189,DP,SP,True,48
2019-04-05,Fri,31,3,1,346,560,SP,SP,True,31
2019-04-06,Sat,22,2,2,390,345,SP,SP,True,22
2019-04-08,Mon,64,6,4,268,356,SP,SP,True,64
2019-04-09,Tue,61,6,1,240,470,SP,SP,True,61
2019-04-10,Wed,42,4,2,158,345,SP,SP,True,42
2019-04-11,Thu,62,6,2,330,237,DP,SP,True,62
2019-04-12,Fri,53,5,3,267,689,SP,SP,True,53
2019-04-13,Sat,89,8,9,260,790,SP,SP,True,89
2019-04-15,Mon,25,2,5,156,113,SP,DP,True,25
2019-04-16,Tue,83,8,3,279,346,SP,SP,True,83
2019-04-17,Wed,38,3,8,238,378,SP,SP,True,38
2019-04-18,Thu,68,6,8,178,350,SP,SP,True,68
2019-04-19,Fri,20,2,0,156,569,SP,SP,True,20
2019-04-20,Sat,32,3,2,148,110,SP,DP,True,32
2019-04-29,Mon,74,7,4,250,167,SP,SP,True,74
2019-04-30,Tue,84,8,4,260,590,SP,SP,True,84
2019-05-01,Wed,98,9,8,289,224,SP,DP,True,98
2019-05-02,Thu,05,0,5,127,780,SP,SP,True,05
2019-05-03,Fri,38,3,8,148,170,SP,SP,True,38
2019-05-04,Sat,87,8,7,260,458,SP,SP,True,87
2019-05-06,Mon,48,4,8,590,170,SP,SP,True,48
2019-05-07,Tue,01,0,1,136,678,SP,SP,True,01
2019-05-08,Wed,36,3,6,689,150,SP,SP,True,36
2019-05-09,Thu,07,0,7,370,467,SP,SP,True,07
2019-05-10,Fri,46,4,6,149,367,SP,SP,True,46
2019-05-11,Sat,41,4,1,167,290,SP,SP,True,41
2019-05-13,Mon,37,3,7,580,179,SP,SP,True,37
2019-05-14,Tue,55,5,5,447,780,DP,SP,True,55
2019-05-15,Wed,02,0,2,136,147,SP,SP,True,02
2019-05-16,Thu,28,2,8,679,369,SP,SP,True,28
2019-05-17,Fri,94,9,4,234,590,SP,SP,True,94
2019-05-18,Sat,52,5,2,249,499,SP,DP,True,52
2019-05-20,Mon,11,1,1,678,100,SP,DP,True,11
2019-05-21,Tue,96,9,6,180,123,SP,SP,True,96
2019-05-22,Wed,66,6,6,349,150,SP,SP,True,66
2019-05-23,Thu,14,1,4,678,455,SP,DP,True,14
2019-05-24,Fri,05,0,5,578,113,SP,DP,True,05
2019-05-25,Sat,74,7,4,566,356,DP,SP,True,74
2019-05-27,Mon,38,3,8,300,567,DP,SP,True,38
2019-05-28,Tue,95,9,5,126,113,SP,DP,True,95
2019-05-29,Wed,85,8,5,459,159,SP,SP,True,85
2019-05-30,Thu,99,9,9,234,360,SP,SP,True,99
2019-05-31,Fri,59,5,9,230,117,SP,DP,True,59
2019-06-01,Sat,92,9,2,135,480,SP,SP,True,92
2019-06-03,Mon,93,9,3,379,148,SP,SP,True,93
2019-06-04,Tue,80,8,0,468,488,SP,DP,True,80
2019-06-05,Wed,98,9,8,199,134,DP,SP,True,98
2019-06-06,Thu,72,7,2,269,138,SP,SP,True,72
2019-06-07,Fri,24,2,4,255,455,DP,DP,True,24
2019-06-08,Sat,01,0,1,389,128,SP,SP,True,01
2019-06-10,Mon,07,0,7,389,359,SP,SP,True,07
2019-06-11,Tue,58,5,8,366,260,DP,SP,True,58
2019-06-12,Wed,71,7,1,359,146,SP,SP,True,71
2019-06-13,Thu,31,3,1,300,588,DP,DP,True,31
2019-06-14,Fri,51,5,1,140,236,SP,SP,True,51
2019-06-15,Sat,96,9,6,478,367,SP,SP,True,96
2019-06-17,Mon,58,5,8,348,260,SP,SP,True,58
2019-06-18,Tue,33,3,3,689,120,SP,SP,True,33
2019-06-19,Wed,10,1,0,137,226,SP,DP,True,10
2019-06-20,Thu,05,0,5,136,249,SP,SP,True,05
2019-06-21,Fri,54,5,4,348,149,SP,SP,True,54
2019-06-22,Sat,70,7,0,458,334,SP,DP,True,70
2019-06-24,Mon,57,5,7,690,160,SP,SP,True,57
2019-06-25,Tue,68,6,8,330,260,DP,SP,True,68
2019-06-26,Wed,03,0,3,127,788,SP,DP,True,03
2019-06-27,Thu,98,9,8,568,279,SP,SP,True,98
2019-06-28,Fri,14,1,4,380,770,SP,DP,True,14
2019-06-29,Sat,67,6,7,349,160,SP,SP,True,67
2019-07-01,Mon,55,5,5,500,249,DP,SP,True,55
2019-07-02,Tue,68,6,8,259,279,SP,SP,True,68
2019-07-03,Wed,61,6,1,448,137,DP,SP,True,61
2019-07-04,Thu,33,3,3,445,300,DP,DP,True,33
2019-07-05,Fri,33,3,3,238,247,SP,SP,True,33
2019-07-06,Sat,34,3,4,256,158,SP,SP,True,34
2019-07-08,Mon,91,9,1,360,146,SP,SP,True,91
2019-07-09,Tue,39,3,9,580,559,SP,DP,True,39
2019-07-10,Wed,17,1,7,335,566,DP,DP,True,17
2019-07-11,Thu,14,1,4,669,789,DP,SP,True,14
2019-07-12,Fri,88,8,8,224,378,DP,SP,True,88
2019-07-13,Sat,97,9,7,478,278,SP,SP,True,97
2019-07-15,Mon,33,3,3,346,580,SP,SP,True,33
2019-07-16,Tue,57,5,7,168,890,SP,SP,True,57
2019-07-17,Wed,49,4,9,789,135,SP,SP,True,49
2019-07-18,Thu,54,5,4,230,266,SP,DP,True,54
2019-07-19,Fri,83,8,3,369,238,SP,SP,True,83
2019-07-20,Sat,45,4,5,356,780,SP,SP,True,45
2019-07-22,Mon,61,6,1,367,380,SP,SP,True,61
2019-07-23,Tue,27,2,7,237,160,SP,SP,True,27
2019-07-24,Wed,71,7,1,356,137,SP,SP,True,71
2019-07-25,Thu,81,8,1,567,290,SP,SP,True,81
2019-07-26,Fri,04,0,4,460,590,SP,SP,True,04
2019-07-27,Sat,35,3,5,148,780,SP,SP,True,35
2019-07-29,Mon,14,1,4,227,699,DP,DP,True,14
2019-07-30,Tue,19,1,9,146,568,SP,SP,True,19
2019-07-31,Wed,70,7,0,368,479,SP,SP,True,70
2019-08-01,Thu,47,4,7,699,467,DP,SP,True,47
2019-08-02,Fri,04,0,4,460,167,SP,SP,True,04
2019-08-03,Sat,47,4,7,158,368,SP,SP,True,47
2019-08-05,Mon,75,7,5,690,456,SP,SP,True,75
2019-08-06,Tue,55,5,5,357,113,SP,DP,True,55
2019-08-07,Wed,27,2,7,778,115,DP,DP,True,27
2019-08-08,Thu,91,9,1,289,588,SP,DP,True,91
2019-08-09,Fri,60,6,0,349,569,SP,SP,True,60
2019-08-10,Sat,54,5,4,140,167,SP,SP,True,54
2019-08-12,Mon,73,7,3,124,670,SP,SP,True,73
2019-08-13,Tue,63,6,3,790,247,SP,SP,True,63
2019-08-14,Wed,39,3,9,157,126,SP,SP,True,39
2019-08-15,Thu,,,,,,,,False,**
2019-08-16,Fri,71,7,1,278,335,SP,DP,True,71
2019-08-17,Sat,62,6,2,600,688,DP,DP,True,62
2019-08-19,Mon,36,3,6,599,600,DP,DP,True,36
2019-08-20,Tue,24,2,4,147,400,SP,DP,True,24
2019-08-21,Wed,74,7,4,359,158,SP,SP,True,74
2019-08-22,Thu,17,1,7,137,115,SP,DP,True,17
2019-08-23,Fri,56,5,6,366,457,DP,SP,True,56
2019-08-24,Sat,97,9,7,144,277,DP,DP,True,97
2019-08-26,Mon,92,9,2,126,156,SP,SP,True,92
2019-08-27,Tue,87,8,7,350,115,SP,DP,True,87
2019-08-28,Wed,23,2,3,138,139,SP,SP,True,23
2019-08-29,Thu,23,2,3,589,346,SP,SP,True,23
2019-08-30,Fri,92,9,2,180,589,SP,SP,True,92
2019-08-31,Sat,21,2,1,138,678,SP,SP,True,21
2019-09-02,Mon,49,4,9,680,559,SP,DP,True,49
2019-09-03,Tue,96,9,6,289,178,SP,SP,True,96
2019-09-04,Wed,44,4,4,789,680,SP,SP,True,44
2019-09-05,Thu,99,9,9,289,289,SP,SP,True,99
2019-09-06,Fri,18,1,8,290,350,SP,SP,True,18
2019-09-07,Sat,28,2,8,499,134,DP,SP,True,28
2019-09-09,Mon,00,0,0,299,145,DP,SP,True,00
2019-09-10,Tue,76,7,6,449,899,DP,DP,True,76
2019-09-11,Wed,60,6,0,349,127,SP,SP,True,60
2019-09-12,Thu,02,0,2,569,255,SP,DP,True,02
2019-09-13,Fri,96,9,6,117,466,DP,DP,True,96
2019-09-14,Sat,78,7,8,223,170,DP,SP,True,78
2019-09-16,Mon,27,2,7,138,890,SP,SP,True,27
2019-09-17,Tue,80,8,0,558,127,DP,SP,True,80
2019-09-18,Wed,62,6,2,466,778,DP,DP,True,62
2019-09-19,Thu,34,3,4,157,356,SP,SP,True,34
2019-09-20,Fri,03,0,3,145,599,SP,DP,True,03
2019-09-21,Sat,20,2,0,345,235,SP,SP,True,20
2019-09-23,Mon,51,5,1,168,669,SP,DP,True,51
2019-09-24,Tue,87,8,7,279,566,SP,DP,True,87
2019-09-25,Wed,20,2,0,480,479,SP,SP,True,20
2019-09-26,Thu,64,6,4,349,112,SP,DP,True,64
2019-09-27,Fri,42,4,2,239,345,SP,SP,True,42
2019-09-28,Sat,48,4,8,347,260,SP,SP,True,48
2019-09-30,Mon,05,0,5,569,230,SP,SP,True,05
2019-10-01,Tue,87,8,7,233,124,DP,SP,True,87
2019-10-02,Wed,85,8,5,189,348,SP,SP,True,85
2019-10-03,Thu,24,2,4,129,590,SP,SP,True,24
2019-10-04,Fri,94,9,4,270,158,SP,SP,True,94
2019-10-05,Sat,82,8,2,459,147,SP,SP,True,82
2019-10-07,Mon,21,2,1,246,146,SP,SP,True,21
2019-10-08,Tue,36,3,6,157,150,SP,SP,True,36
2019-10-09,Wed,64,6,4,169,220,SP,DP,True,64
2019-10-10,Thu,38,3,8,157,260,SP,SP,True,38
2019-10-11,Fri,46,4,6,248,123,SP,SP,True,46
2019-10-12,Sat,07,0,7,370,368,SP,SP,True,07
2019-10-14,Mon,56,5,6,267,349,SP,SP,True,56
2019-10-15,Tue,88,8,8,224,459,DP,SP,True,88
2019-10-16,Wed,91,9,1,180,128,SP,SP,True,91
2019-10-17,Thu,59,5,9,167,144,SP,DP,True,59
2019-10-18,Fri,03,0,3,460,670,SP,SP,True,03
2019-10-19,Sat,11,1,1,489,678,SP,SP,True,11
2019-10-27,Mon,03,0,3,460,139,SP,SP,True,03
2019-10-28,Tue,92,9,2,469,246,SP,SP,True,92
2019-10-28,Mon,,,,,,,,False,**
2019-10-29,Wed,26,2,6,156,259,SP,SP,True,26
2019-10-29,Tue,,,,,,,,False,**
2019-10-30,Thu,80,8,0,224,578,DP,SP,True,80
2019-10-30,Wed,,,,,,,,False,**
2019-10-31,Fri,,,,,,,,False,**
2019-10-31,Thu,,,,,,,,False,**
2019-11-01,Fri,,,,,,,,False,**
2019-11-01,Sat,,,,,,,,False,**
2019-11-02,Sat,,,,,,,,False,**
2019-11-04,Mon,16,1,6,128,457,SP,SP,True,16
2019-11-05,Tue,95,9,5,289,267,SP,SP,True,95
2019-11-06,Wed,19,1,9,678,388,SP,DP,True,19
2019-11-07,Thu,91,9,1,225,137,DP,SP,True,91
2019-11-08,Fri,39,3,9,779,360,DP,SP,True,39
2019-11-09,Sat,51,5,1,140,560,SP,SP,True,51
2019-11-11,Mon,95,9,5,270,780,SP,SP,True,95
2019-11-12,Tue,35,3,5,139,780,SP,SP,True,35
2019-11-13,Wed,01,0,1,280,678,SP,SP,True,01
2019-11-14,Thu,17,1,7,489,890,SP,SP,True,17
2019-11-15,Fri,35,3,5,670,366,SP,DP,True,35
2019-11-16,Sat,80,8,0,378,334,SP,DP,True,80
2019-11-18,Mon,04,0,4,479,347,SP,SP,True,04
2019-11-19,Tue,17,1,7,227,340,DP,SP,True,17
2019-11-20,Wed,15,1,5,236,357,SP,SP,True,15
2019-11-21,Thu,36,3,6,788,277,DP,DP,True,36
2019-11-22,Fri,25,2,5,589,159,SP,SP,True,25
2019-11-23,Sat,29,2,9,589,450,SP,SP,True,29
2019-11-25,Mon,43,4,3,789,599,SP,DP,True,43
2019-11-26,Tue,84,8,4,350,257,SP,SP,True,84
2019-11-27,Wed,93,9,3,388,229,DP,DP,True,93
2019-11-28,Thu,61,6,1,169,560,SP,SP,True,61
2019-11-29,Fri,90,9,0,469,235,SP,SP,True,90
2019-11-30,Sat,66,6,6,880,457,DP,SP,True,66
2019-12-02,Mon,73,7,3,179,120,SP,SP,True,73
2019-12-03,Tue,66,6,6,358,268,SP,SP,True,66
2019-12-04,Wed,95,9,5,568,168,SP,SP,True,95
2019-12-05,Thu,25,2,5,390,348,SP,SP,True,25
2019-12-06,Fri,70,7,0,368,118,SP,DP,True,70
2019-12-07,Sat,68,6,8,349,468,SP,SP,True,68
2019-12-09,Mon,48,4,8,400,567,DP,SP,True,48
2019-12-10,Tue,15,1,5,678,456,SP,SP,True,15
2019-12-11,Wed,69,6,9,367,559,SP,DP,True,69
2019-12-12,Thu,59,5,9,889,234,DP,SP,True,59
2019-12-13,Fri,58,5,8,122,224,DP,DP,True,58
2019-12-14,Sat,29,2,9,237,289,SP,SP,True,29
2019-12-16,Mon,48,4,8,680,189,SP,SP,True,48
2019-12-17,Tue,55,5,5,168,366,SP,DP,True,55
2019-12-18,Wed,11,1,1,236,290,SP,SP,True,11
2019-12-19,Thu,10,1,0,236,127,SP,SP,True,10
2019-12-20,Fri,72,7,2,700,138,DP,SP,True,72
2019-12-21,Sat,23,2,3,679,120,SP,SP,True,23
2019-12-23,Mon,98,9,8,360,990,SP,DP,True,98
2019-12-24,Tue,42,4,2,680,480,SP,SP,True,42
2019-12-25,Wed,97,9,7,360,340,SP,SP,True,97
2019-12-26,Thu,15,1,5,146,267,SP,SP,True,15
2019-12-27,Fri,38,3,8,120,459,SP,SP,True,38
2019-12-28,Sat,43,4,3,680,490,SP,SP,True,43
2019-12-30,Mon,22,2,2,138,570,SP,SP,True,22
2019-12-31,Tue,02,0,2,127,156,SP,SP,True,02
2020-01-01,Wed,23,2,3,570,300,SP,DP,True,23
2020-01-02,Thu,49,4,9,400,559,DP,DP,True,49
2020-01-03,Fri,21,2,1,110,227,DP,DP,True,21
2020-01-04,Mon,36,3,6,346,880,SP,DP,True,36
2020-01-04,Sat,68,6,8,240,116,SP,DP,True,68
2020-01-05,Tue,18,1,8,678,468,SP,SP,True,18
2020-01-06,Mon,06,0,6,299,880,DP,DP,True,06
2020-01-06,Wed,63,6,3,330,148,DP,SP,True,63
2020-01-07,Tue,90,9,0,559,569,DP,SP,True,90
2020-01-07,Thu,74,7,4,124,680,SP,SP,True,74
2020-01-08,Wed,94,9,4,379,158,SP,SP,True,94
2020-01-08,Fri,82,8,2,459,589,SP,SP,True,82
2020-01-09,Thu,15,1,5,669,168,DP,SP,True,15
2020-01-09,Sat,31,3,1,120,579,SP,SP,True,31
2020-01-10,Fri,40,4,0,130,479,SP,SP,True,40
2020-01-11,Sat,64,6,4,349,347,SP,SP,True,64
2020-01-13,Mon,76,7,6,269,114,SP,DP,True,76
2020-01-14,Tue,11,1,1,137,399,SP,DP,True,11
2020-01-15,Wed,12,1,2,560,237,SP,SP,True,12
2020-01-16,Thu,29,2,9,778,577,DP,DP,True,29
2020-01-17,Fri,55,5,5,267,357,SP,SP,True,55
2020-01-18,Sat,04,0,4,460,356,SP,SP,True,04
2020-01-20,Mon,49,4,9,239,135,SP,SP,True,49
2020-01-21,Tue,54,5,4,780,130,SP,SP,True,54
2020-01-22,Wed,31,3,1,300,245,DP,SP,True,31
2020-01-23,Thu,54,5,4,258,699,SP,DP,True,54
2020-01-24,Fri,23,2,3,228,256,DP,SP,True,23
2020-01-25,Sat,77,7,7,179,359,SP,SP,True,77
2020-01-27,Mon,41,4,1,347,560,SP,SP,True,41
2020-01-28,Tue,22,2,2,480,237,SP,SP,True,22
2020-01-29,Wed,67,6,7,556,890,DP,SP,True,67
2020-01-30,Thu,04,0,4,136,789,SP,SP,True,04
2020-01-31,Fri,95,9,5,117,249,DP,SP,True,95
2020-02-01,Sat,10,1,0,579,578,SP,SP,True,10
2020-02-03,Mon,56,5,6,780,277,SP,DP,True,56
2020-02-04,Tue,31,3,1,346,380,SP,SP,True,31
2020-02-05,Wed,15,1,5,245,456,SP,SP,True,15
2020-02-06,Thu,01,0,1,334,146,DP,SP,True,01
2020-02-07,Fri,16,1,6,137,600,SP,DP,True,16
2020-02-08,Sat,34,3,4,490,590,SP,SP,True,34
2020-02-10,Mon,64,6,4,178,347,SP,SP,True,64
2020-02-11,Tue,59,5,9,500,144,DP,DP,True,59
2020-02-12,Wed,37,3,7,689,340,SP,SP,True,37
2020-02-13,Thu,73,7,3,700,346,DP,SP,True,73
2020-02-14,Fri,69,6,9,790,234,SP,SP,True,69
2020-02-15,Sat,34,3,4,139,789,SP,SP,True,34
2020-02-17,Mon,85,8,5,279,249,SP,SP,True,85
2020-02-18,Tue,91,9,1,388,560,DP,SP,True,91
2020-02-19,Wed,96,9,6,144,330,DP,DP,True,96
2020-02-20,Thu,06,0,6,235,466,SP,DP,True,06
2020-02-21,Fri,41,4,1,239,399,SP,DP,True,41
2020-02-22,Sat,06,0,6,240,330,SP,DP,True,06
2020-02-24,Mon,74,7,4,368,130,SP,SP,True,74
2020-02-25,Tue,91,9,1,199,137,DP,SP,True,91
2020-02-26,Wed,80,8,0,233,226,DP,DP,True,80
2020-02-27,Thu,25,2,5,345,140,SP,SP,True,25
2020-02-28,Fri,39,3,9,599,667,DP,DP,True,39
2020-02-29,Sat,67,6,7,169,368,SP,SP,True,67
2020-03-02,Mon,71,7,1,124,470,SP,SP,True,71
2020-03-03,Tue,78,7,8,458,260,SP,SP,True,78
2020-03-04,Wed,62,6,2,367,679,SP,SP,True,62
2020-03-05,Thu,42,4,2,257,570,SP,SP,True,42
2020-03-06,Fri,03,0,3,280,689,SP,SP,True,03
2020-03-07,Sat,87,8,7,189,449,SP,DP,True,87
2020-03-09,Mon,30,3,0,355,479,DP,SP,True,30
2020-03-10,Tue,,,,,,,,False,**
2020-03-11,Wed,57,5,7,348,368,SP,SP,True,57
2020-03-12,Thu,70,7,0,115,190,DP,SP,True,70
2020-03-13,Fri,26,2,6,679,150,SP,SP,True,26
2020-03-14,Sat,65,6,5,169,690,SP,SP,True,65
2020-03-16,Mon,31,3,1,599,588,DP,DP,True,31
2020-03-17,Tue,25,2,5,480,447,SP,DP,True,25
2020-03-18,Wed,98,9,8,577,468,DP,SP,True,98
2020-03-19,Thu,78,7,8,124,369,SP,SP,True,78
2020-03-20,Fri,97,9,7,135,278,SP,SP,True,97
2020-03-21,Sat,70,7,0,449,488,DP,DP,True,70
2020-05-11,Mon,56,5,6,357,268,SP,SP,True,56
2020-05-12,Tue,09,0,9,668,126,DP,SP,True,09
2020-05-13,Wed,39,3,9,157,144,SP,DP,True,39
2020-05-14,Thu,44,4,4,680,338,SP,DP,True,44
2020-05-15,Fri,40,4,0,257,334,SP,DP,True,40
2020-05-16,Sat,24,2,4,228,770,DP,DP,True,24
2020-05-18,Mon,31,3,1,229,669,DP,DP,True,31
2020-05-19,Tue,01,0,1,389,489,SP,SP,True,01
2020-05-20,Wed,19,1,9,489,469,SP,SP,True,19
2020-05-21,Thu,31,3,1,300,380,DP,SP,True,31
2020-05-22,Fri,11,1,1,155,245,DP,SP,True,11
2020-05-23,Sat,38,3,8,346,125,SP,SP,True,38
2020-05-25,Mon,61,6,1,556,588,DP,DP,True,61
2020-05-26,Tue,63,6,3,448,788,DP,DP,True,63
2020-05-27,Wed,88,8,8,134,567,SP,SP,True,88
2020-05-28,Thu,95,9,5,450,348,SP,SP,True,95
2020-05-29,Fri,54,5,4,456,590,SP,SP,True,54
2020-05-30,Sat,05,0,5,136,357,SP,SP,True,05
2020-06-01,Mon,65,6,5,790,168,SP,SP,True,65
2020-06-02,Tue,36,3,6,120,899,SP,DP,True,36
2020-06-03,Wed,38,3,8,157,224,SP,DP,True,38
2020-06-04,Thu,37,3,7,580,377,SP,DP,True,37
2020-06-05,Fri,44,4,4,699,770,DP,DP,True,44
2020-06-06,Sat,93,9,3,568,139,SP,SP,True,93
2020-06-08,Mon,44,4,4,130,356,SP,SP,True,44
2020-06-09,Tue,29,2,9,589,568,SP,SP,True,29
2020-06-10,Wed,51,5,1,690,128,SP,SP,True,51
2020-06-11,Thu,87,8,7,189,458,SP,SP,True,87
2020-06-12,Fri,08,0,8,668,378,DP,SP,True,08
2020-06-13,Sat,77,7,7,557,368,DP,SP,True,77
2020-06-15,Mon,01,0,1,299,100,DP,DP,True,01
2020-06-16,Tue,57,5,7,690,458,SP,SP,True,57
2020-06-17,Wed,59,5,9,249,450,SP,SP,True,59
2020-06-18,Thu,41,4,1,266,128,DP,SP,True,41
2020-06-19,Fri,96,9,6,469,259,SP,SP,True,96
2020-06-20,Mon,90,9,0,478,569,SP,SP,True,90
2020-06-20,Sat,48,4,8,356,134,SP,SP,True,48
2020-06-21,Tue,44,4,4,239,158,SP,SP,True,44
2020-06-22,Wed,91,9,1,360,119,SP,DP,True,91
2020-06-22,Mon,64,6,4,349,112,SP,DP,True,64
2020-06-23,Thu,12,1,2,227,156,DP,SP,True,12
2020-06-23,Tue,40,4,0,400,127,DP,SP,True,40
2020-06-24,Fri,32,3,2,300,570,DP,SP,True,32
2020-06-24,Wed,46,4,6,347,123,SP,SP,True,46
2020-06-25,Sat,39,3,9,346,478,SP,SP,True,39
2020-06-25,Thu,08,0,8,569,116,SP,DP,True,08
2020-06-26,Fri,51,5,1,447,236,DP,SP,True,51
2020-06-27,Sat,23,2,3,255,445,DP,DP,True,23
2020-06-29,Mon,78,7,8,278,378,SP,SP,True,78
2020-06-30,Tue,31,3,1,337,399,DP,DP,True,31
2020-07-01,Wed,24,2,4,345,789,SP,SP,True,24
2020-07-02,Thu,40,4,0,112,370,DP,SP,True,40
2020-07-03,Fri,04,0,4,136,338,SP,DP,True,04
2020-07-04,Sat,78,7,8,890,189,SP,SP,True,78
2020-07-06,Mon,77,7,7,566,250,DP,SP,True,77
2020-07-07,Tue,70,7,0,359,299,SP,DP,True,70
2020-07-08,Wed,11,1,1,128,290,SP,SP,True,11
2020-07-09,Thu,44,4,4,257,347,SP,SP,True,44
2020-07-10,Fri,87,8,7,378,133,SP,DP,True,87
2020-07-11,Sat,43,4,3,167,256,SP,SP,True,43
2020-07-13,Mon,28,2,8,589,260,SP,SP,True,28
2020-07-14,Tue,05,0,5,127,168,SP,SP,True,05
2020-07-15,Wed,99,9,9,126,180,SP,SP,True,99
2020-07-16,Thu,32,3,2,238,200,SP,DP,True,32
2020-07-17,Fri,86,8,6,558,123,DP,SP,True,86
2020-07-18,Sat,03,0,3,118,490,DP,SP,True,03
2020-07-20,Mon,71,7,1,115,128,DP,SP,True,71
2020-07-21,Tue,67,6,7,169,557,SP,DP,True,67
2020-07-22,Wed,67,6,7,240,467,SP,SP,True,67
2020-07-23,Thu,62,6,2,268,589,SP,SP,True,62
2020-07-24,Fri,73,7,3,340,247,SP,SP,True,73
2020-07-25,Sat,05,0,5,136,339,SP,DP,True,05
2020-07-27,Mon,23,2,3,200,120,DP,SP,True,23
2020-07-28,Tue,62,6,2,358,679,SP,SP,True,62
2020-07-29,Wed,05,0,5,488,447,DP,DP,True,05
2020-07-30,Thu,69,6,9,790,469,SP,SP,True,69
2020-07-31,Fri,72,7,2,566,237,DP,SP,True,72
2020-08-01,Sat,67,6,7,457,160,SP,SP,True,67
2020-08-03,Mon,34,3,4,355,789,DP,SP,True,34
2020-08-04,Tue,58,5,8,447,350,DP,SP,True,58
2020-08-05,Wed,52,5,2,780,156,SP,SP,True,52
2020-08-06,Thu,43,4,3,446,238,DP,SP,True,43
2020-08-07,Fri,45,4,5,158,159,SP,SP,True,45
2020-08-08,Sat,75,7,5,278,159,SP,SP,True,75
2020-08-10,Mon,81,8,1,378,146,SP,SP,True,81
2020-08-11,Tue,60,6,0,790,145,SP,SP,True,60
2020-08-12,Wed,24,2,4,246,158,SP,SP,True,24
2020-08-13,Thu,15,1,5,380,348,SP,SP,True,15
2020-08-14,Fri,24,2,4,255,446,DP,DP,True,24
2020-08-15,Sat,,,,,,,,False,**
2020-08-17,Mon,05,0,5,578,690,SP,SP,True,05
2020-08-18,Tue,61,6,1,790,236,SP,SP,True,61
2020-08-19,Wed,19,1,9,579,117,SP,DP,True,19
2020-08-20,Thu,85,8,5,459,780,SP,SP,True,85
2020-08-21,Fri,43,4,3,239,256,SP,SP,True,43
2020-08-22,Sat,60,6,0,790,578,SP,SP,True,60
2020-08-24,Mon,39,3,9,779,270,DP,SP,True,39
2020-08-25,Tue,43,4,3,158,229,SP,DP,True,43
2020-08-26,Wed,35,3,5,157,177,SP,DP,True,35
2020-08-27,Thu,11,1,1,155,236,DP,SP,True,11
2020-08-28,Fri,29,2,9,499,568,DP,SP,True,29
2020-08-29,Sat,49,4,9,239,568,SP,SP,True,49
2020-08-31,Mon,59,5,9,889,126,DP,SP,True,59
2020-09-01,Tue,61,6,1,880,290,DP,SP,True,61
2020-09-02,Wed,92,9,2,135,228,SP,DP,True,92
2020-09-03,Thu,19,1,9,470,126,SP,SP,True,19
2020-09-04,Fri,06,0,6,578,358,SP,SP,True,06
2020-09-05,Sat,21,2,1,147,146,SP,SP,True,21
2020-09-07,Mon,29,2,9,228,270,DP,SP,True,29
2020-09-08,Tue,77,7,7,458,124,SP,SP,True,77
2020-09-09,Wed,38,3,8,670,125,SP,SP,True,38
2020-09-10,Thu,86,8,6,990,150,DP,SP,True,86
2020-09-11,Fri,89,8,9,170,559,SP,DP,True,89
2020-09-12,Sat,66,6,6,259,240,SP,SP,True,66
2020-09-14,Mon,71,7,1,340,579,SP,SP,True,71
2020-09-15,Tue,71,7,1,359,290,SP,SP,True,71
2020-09-16,Wed,28,2,8,237,279,SP,SP,True,28
2020-09-17,Thu,92,9,2,568,480,SP,SP,True,92
2020-09-18,Fri,40,4,0,158,569,SP,SP,True,40
2020-09-19,Sat,35,3,5,238,780,SP,SP,True,35
2020-09-21,Mon,78,7,8,124,260,SP,SP,True,78
2020-09-22,Tue,25,2,5,138,267,SP,SP,True,25
2020-09-23,Wed,69,6,9,150,568,SP,SP,True,69
2020-09-24,Thu,75,7,5,133,690,DP,SP,True,75
2020-09-25,Fri,85,8,5,134,780,SP,SP,True,85
2020-09-26,Sat,84,8,4,468,149,SP,SP,True,84
2020-09-28,Mon,83,8,3,134,229,SP,DP,True,83
2020-09-29,Tue,57,5,7,122,278,DP,SP,True,57
2020-09-30,Wed,66,6,6,367,259,SP,SP,True,66
2020-10-01,Thu,54,5,4,780,248,SP,SP,True,54
2020-10-02,Fri,01,0,1,370,245,SP,SP,True,01
2020-10-03,Sat,52,5,2,140,138,SP,SP,True,52
2020-10-05,Mon,05,0,5,280,168,SP,SP,True,05
2020-10-06,Tue,98,9,8,568,170,SP,SP,True,98
2020-10-07,Wed,33,3,3,670,256,SP,SP,True,33
2020-10-08,Thu,38,3,8,490,125,SP,SP,True,38
2020-10-09,Fri,77,7,7,467,278,SP,SP,True,77
2020-10-10,Sat,95,9,5,469,140,SP,SP,True,95
2020-10-12,Mon,66,6,6,178,259,SP,SP,True,66
2020-10-13,Tue,44,4,4,220,590,DP,SP,True,44
2020-10-14,Wed,76,7,6,160,123,SP,SP,True,76
2020-10-15,Thu,82,8,2,468,679,SP,SP,True,82
2020-10-16,Fri,97,9,7,126,179,SP,SP,True,97
2020-10-17,Sat,64,6,4,123,680,SP,SP,True,64
2020-10-19,Mon,05,0,5,136,348,SP,SP,True,05
2020-10-20,Tue,62,6,2,240,156,SP,SP,True,62
2020-10-21,Wed,92,9,2,450,345,SP,SP,True,92
2020-10-22,Thu,62,6,2,259,570,SP,SP,True,62
2020-10-23,Fri,14,1,4,128,239,SP,SP,True,14
2020-10-24,Sat,02,0,2,578,138,SP,SP,True,02
2020-10-26,Mon,63,6,3,178,148,SP,SP,True,63
2020-10-27,Tue,54,5,4,159,789,SP,SP,True,54
2020-10-28,Wed,80,8,0,567,145,SP,SP,True,80
2020-10-29,Thu,05,0,5,578,122,SP,DP,True,05
2020-10-30,Fri,80,8,0,260,235,SP,SP,True,80
2020-10-31,Sat,02,0,2,460,246,SP,SP,True,02
2020-11-02,Mon,44,4,4,149,789,SP,SP,True,44
2020-11-03,Tue,96,9,6,289,358,SP,SP,True,96
2020-11-04,Wed,42,4,2,248,679,SP,SP,True,42
2020-11-05,Thu,90,9,0,270,479,SP,SP,True,90
2020-11-06,Fri,93,9,3,478,689,SP,SP,True,93
2020-11-07,Sat,36,3,6,490,169,SP,SP,True,36
2020-11-09,Mon,,,,,,,,False,**
2020-11-10,Tue,,,,,,,,False,**
2020-11-11,Wed,,,,,,,,False,**
2020-11-12,Thu,,,,,,,,False,**
2020-11-13,Fri,,,,,,,,False,**
2020-11-14,Sat,,,,,,,,False,**
2020-11-16,Mon,,,,,,,,False,**
2020-11-17,Tue,,,,,,,,False,**
2020-11-18,Wed,,,,,,,,False,**
2020-11-19,Thu,,,,,,,,False,**
2020-11-20,Fri,,,,,,,,False,**
2020-11-21,Sat,,,,,,,,False,**
2020-11-23,Mon,88,8,8,468,477,SP,DP,True,88
2020-11-24,Tue,14,1,4,245,112,SP,DP,True,14
2020-11-25,Wed,69,6,9,457,450,SP,SP,True,69
2020-11-26,Thu,68,6,8,556,459,DP,SP,True,68
2020-11-27,Fri,93,9,3,469,580,SP,SP,True,93
2020-11-28,Sat,16,1,6,137,330,SP,DP,True,16
2020-11-30,Mon,49,4,9,167,126,SP,SP,True,49
2020-12-01,Tue,44,4,4,158,590,SP,SP,True,44
2020-12-02,Wed,61,6,1,259,399,SP,DP,True,61
2020-12-03,Thu,72,7,2,160,688,SP,DP,True,72
2020-12-04,Fri,56,5,6,168,367,SP,SP,True,56
2020-12-05,Sat,60,6,0,790,479,SP,SP,True,60
2020-12-07,Mon,12,1,2,579,138,SP,SP,True,12
2020-12-08,Tue,01,0,1,226,146,DP,SP,True,01
2020-12-09,Wed,89,8,9,666,270,TP,SP,True,89
2020-12-10,Thu,74,7,4,377,400,DP,DP,True,74
2020-12-11,Fri,36,3,6,355,150,DP,SP,True,36
2020-12-12,Sat,32,3,2,346,228,SP,DP,True,32
2020-12-14,Mon,77,7,7,188,223,DP,DP,True,77
2020-12-15,Tue,03,0,3,488,148,DP,SP,True,03
2020-12-16,Wed,77,7,7,115,467,DP,SP,True,77
2020-12-17,Thu,32,3,2,256,589,SP,SP,True,32
2020-12-18,Fri,10,1,0,290,569,SP,SP,True,10
2020-12-19,Sat,03,0,3,569,670,SP,SP,True,03
2020-12-21,Mon,54,5,4,780,167,SP,SP,True,54
2020-12-22,Tue,77,7,7,188,377,DP,DP,True,77
2020-12-23,Wed,12,1,2,290,444,SP,TP,True,12
2020-12-24,Thu,08,0,8,578,477,SP,DP,True,08
2020-12-25,Fri,32,3,2,157,679,SP,SP,True,32
2020-12-26,Sat,65,6,5,178,500,SP,DP,True,65
2020-12-28,Mon,19,1,9,579,559,SP,DP,True,19
2020-12-29,Tue,82,8,2,990,660,DP,DP,True,82
2020-12-30,Wed,71,7,1,458,245,SP,SP,True,71
2020-12-31,Thu,54,5,4,690,248,SP,SP,True,54
2021-01-01,Fri,55,5,5,889,159,DP,SP,True,55
2021-01-02,Sat,46,4,6,680,169,SP,SP,True,46
2021-01-11,Mon,29,2,9,570,135,SP,SP,True,29
2021-01-12,Tue,59,5,9,159,450,SP,SP,True,59
2021-01-13,Wed,52,5,2,122,147,DP,SP,True,52
2021-01-14,Thu,06,0,6,136,150,SP,SP,True,06
2021-01-15,Fri,62,6,2,880,778,DP,DP,True,62
2021-01-16,Sat,80,8,0,125,334,SP,DP,True,80
2021-01-18,Mon,52,5,2,140,200,SP,DP,True,52
2021-01-19,Tue,30,3,0,148,145,SP,SP,True,30
2021-01-20,Wed,36,3,6,490,448,SP,DP,True,36
2021-01-21,Thu,52,5,2,500,345,DP,SP,True,52
2021-01-22,Fri,53,5,3,168,120,SP,SP,True,53
2021-01-23,Sat,03,0,3,127,779,SP,DP,True,03
2021-01-25,Mon,98,9,8,270,116,SP,DP,True,98
2021-01-26,Tue,,,,,,,,False,**
2021-01-27,Wed,02,0,2,569,480,SP,SP,True,02
2021-01-28,Thu,51,5,1,249,344,SP,DP,True,51
2021-01-29,Fri,37,3,7,599,377,DP,DP,True,37
2021-01-30,Sat,75,7,5,449,690,DP,SP,True,75
2021-02-01,Mon,31,3,1,247,245,SP,SP,True,31
2021-02-02,Tue,00,0,0,479,280,SP,SP,True,00
2021-02-03,Wed,97,9,7,289,458,SP,SP,True,97
2021-02-04,Thu,68,6,8,150,468,SP,SP,True,68
2021-02-05,Fri,33,3,3,580,157,SP,SP,True,33
2021-02-06,Sat,18,1,8,669,125,DP,SP,True,18
2021-02-08,Mon,81,8,1,990,579,DP,SP,True,81
2021-02-09,Tue,98,9,8,119,125,DP,SP,True,98
2021-02-10,Wed,12,1,2,290,679,SP,SP,True,12
2021-02-11,Thu,30,3,0,788,668,DP,DP,True,30
2021-02-12,Fri,70,7,0,278,190,SP,SP,True,70
2021-02-13,Sat,17,1,7,245,566,SP,DP,True,17
2021-02-15,Mon,01,0,1,127,678,SP,SP,True,01
2021-02-16,Tue,55,5,5,113,249,DP,SP,True,55
2021-02-17,Wed,93,9,3,388,166,DP,DP,True,93
2021-02-18,Thu,16,1,6,227,899,DP,DP,True,16
2021-02-19,Fri,42,4,2,130,679,SP,SP,True,42
2021-02-20,Sat,57,5,7,140,250,SP,SP,True,57
2021-02-22,Mon,40,4,0,590,000,SP,TP,True,40
2021-02-23,Tue,49,4,9,699,117,DP,DP,True,49
2021-02-24,Wed,80,8,0,260,479,SP,SP,True,80
2021-02-25,Thu,43,4,3,590,247,SP,SP,True,43
2021-02-26,Fri,48,4,8,770,233,DP,DP,True,48
2021-02-27,Sat,72,7,2,449,138,DP,SP,True,72
2021-03-01,Mon,45,4,5,356,348,SP,SP,True,45
2021-03-02,Tue,70,7,0,188,136,DP,SP,True,70
2021-03-03,Wed,55,5,5,456,159,SP,SP,True,55
2021-03-04,Thu,79,7,9,359,568,SP,SP,True,79
2021-03-05,Fri,49,4,9,770,360,DP,SP,True,49
2021-03-06,Sat,14,1,4,290,680,SP,SP,True,14
2021-03-08,Mon,22,2,2,499,589,DP,SP,True,22
2021-03-09,Tue,81,8,1,233,678,DP,SP,True,81
2021-03-10,Wed,60,6,0,123,190,SP,SP,True,60
2021-03-11,Thu,90,9,0,144,127,DP,SP,True,90
2021-03-12,Fri,63,6,3,240,247,SP,SP,True,63
2021-03-13,Sat,06,0,6,569,457,SP,SP,True,06
2021-03-15,Mon,80,8,0,350,578,SP,SP,True,80
2021-03-16,Tue,16,1,6,669,150,DP,SP,True,16
2021-03-17,Wed,01,0,1,235,678,SP,SP,True,01
2021-03-18,Thu,49,4,9,446,180,DP,SP,True,49
2021-03-19,Fri,72,7,2,359,147,SP,SP,True,72
2021-03-20,Sat,34,3,4,445,158,DP,SP,True,34
2021-03-22,Mon,71,7,1,250,588,SP,DP,True,71
2021-03-23,Tue,72,7,2,115,499,DP,DP,True,72
2021-03-24,Wed,84,8,4,116,149,DP,SP,True,84
2021-03-25,Thu,76,7,6,368,880,SP,DP,True,76
2021-03-26,Fri,33,3,3,788,300,DP,DP,True,33
2021-03-27,Sat,94,9,4,379,239,SP,SP,True,94
2021-03-29,Mon,,,,,,,,False,**
2021-03-30,Tue,48,4,8,770,279,DP,SP,True,48
2021-03-31,Wed,84,8,4,125,699,SP,DP,True,84
2021-04-01,Thu,68,6,8,169,189,SP,SP,True,68
2021-04-02,Fri,18,1,8,399,260,DP,SP,True,18
2021-04-03,Sat,19,1,9,579,450,SP,SP,True,19
2021-04-05,Mon,23,2,3,147,238,SP,SP,True,23
2021-04-06,Tue,31,3,1,689,245,SP,SP,True,31
2021-04-07,Wed,35,3,5,157,456,SP,SP,True,35
2021-04-08,Thu,04,0,4,389,590,SP,SP,True,04
2021-04-09,Fri,73,7,3,359,689,SP,SP,True,73
2021-04-10,Sat,28,2,8,589,279,SP,SP,True,28
2021-04-12,Mon,99,9,9,135,180,SP,SP,True,99
2021-04-13,Tue,02,0,2,136,345,SP,SP,True,02
2021-04-14,Wed,35,3,5,689,339,SP,DP,True,35
2021-04-15,Thu,73,7,3,340,157,SP,SP,True,73
2021-04-16,Fri,92,9,2,135,570,SP,SP,True,92
2021-04-17,Sat,79,7,9,179,478,SP,SP,True,79
2021-04-19,Mon,68,6,8,169,459,SP,SP,True,68
2021-04-20,Tue,26,2,6,589,457,SP,SP,True,26
2021-04-21,Wed,16,1,6,344,240,DP,SP,True,16
2021-04-22,Thu,66,6,6,448,358,DP,SP,True,66
2021-04-23,Fri,06,0,6,370,457,SP,SP,True,06
2021-04-24,Sat,68,6,8,277,134,DP,SP,True,68
2021-04-26,Mon,08,0,8,460,288,SP,DP,True,08
2021-04-27,Tue,66,6,6,349,123,SP,SP,True,66
2021-04-28,Wed,70,7,0,278,190,SP,SP,True,70
2021-04-29,Thu,41,4,1,257,470,SP,SP,True,41
2021-04-30,Fri,22,2,2,679,480,SP,SP,True,22
2021-05-01,Sat,15,1,5,137,456,SP,SP,True,15
2021-05-03,Mon,66,6,6,367,466,SP,DP,True,66
2021-05-04,Tue,28,2,8,110,558,DP,DP,True,28
2021-05-05,Wed,74,7,4,124,699,SP,DP,True,74
2021-05-06,Thu,81,8,1,990,227,DP,DP,True,81
2021-05-07,Fri,72,7,2,160,390,SP,SP,True,72
2021-05-08,Sat,43,4,3,590,139,SP,SP,True,43
2021-05-10,Mon,38,3,8,256,350,SP,SP,True,38
2021-05-11,Tue,20,2,0,138,145,SP,SP,True,20
2021-05-12,Wed,57,5,7,168,269,SP,SP,True,57
2021-05-13,Thu,38,3,8,788,125,DP,SP,True,38
2021-05-14,Fri,79,7,9,467,180,SP,SP,True,79
2021-05-15,Sat,34,3,4,300,149,DP,SP,True,34
2021-05-17,Mon,37,3,7,166,179,DP,SP,True,37
2021-05-18,Tue,80,8,0,134,479,SP,SP,True,80
2021-05-19,Wed,90,9,0,478,235,SP,SP,True,90
2021-05-20,Thu,84,8,4,189,257,SP,SP,True,84
2021-05-21,Fri,52,5,2,249,246,SP,SP,True,52
2021-05-22,Sat,93,9,3,469,689,SP,SP,True,93
2021-05-24,Mon,38,3,8,490,134,SP,SP,True,38
2021-05-25,Tue,32,3,2,256,390,SP,SP,True,32
2021-05-26,Wed,29,2,9,110,135,DP,SP,True,29
2021-05-27,Thu,97,9,7,379,278,SP,SP,True,97
2021-05-28,Fri,19,1,9,128,469,SP,SP,True,19
2021-05-29,Sat,95,9,5,360,177,SP,DP,True,95
2021-05-31,Mon,26,2,6,480,268,SP,SP,True,26
2021-06-01,Tue,44,4,4,338,266,DP,DP,True,44
2021-06-02,Wed,51,5,1,690,380,SP,SP,True,51
2021-06-03,Thu,81,8,1,369,344,SP,DP,True,81
2021-06-04,Fri,50,5,0,140,479,SP,SP,True,50
2021-06-05,Sat,66,6,6,268,259,SP,SP,True,66
2021-06-07,Mon,83,8,3,125,346,SP,SP,True,83
2021-06-08,Tue,80,8,0,558,569,DP,SP,True,80
2021-06-09,Wed,28,2,8,246,134,SP,SP,True,28
2021-06-10,Thu,23,2,3,390,238,SP,SP,True,23
2021-06-11,Fri,21,2,1,237,588,SP,DP,True,21
2021-06-12,Sat,43,4,3,248,120,SP,SP,True,43
2021-06-14,Mon,68,6,8,790,170,SP,SP,True,68
2021-06-15,Tue,50,5,0,456,299,SP,DP,True,50
2021-06-16,Wed,96,9,6,135,790,SP,SP,True,96
2021-06-17,Thu,07,0,7,136,557,SP,DP,True,07
2021-06-18,Fri,47,4,7,446,179,DP,SP,True,47
2021-06-19,Sat,09,0,9,677,180,DP,SP,True,09
2021-06-21,Mon,79,7,9,250,234,SP,SP,True,79
2021-06-22,Tue,41,4,1,699,579,DP,SP,True,41
2021-06-23,Wed,06,0,6,118,880,DP,DP,True,06
2021-06-24,Thu,45,4,5,446,159,DP,SP,True,45
2021-06-25,Fri,32,3,2,337,589,DP,SP,True,32
2021-06-26,Sat,53,5,3,267,670,SP,SP,True,53
2021-06-28,Mon,61,6,1,556,470,DP,SP,True,61
2021-06-29,Tue,69,6,9,268,135,SP,SP,True,69
2021-06-30,Wed,87,8,7,459,340,SP,SP,True,87
2021-07-01,Thu,07,0,7,280,700,SP,DP,True,07
2021-07-02,Fri,71,7,1,359,146,SP,SP,True,71
2021-07-03,Sat,70,7,0,269,460,SP,SP,True,70
2021-07-05,Mon,07,0,7,578,377,SP,DP,True,07
2021-07-06,Tue,67,6,7,123,133,SP,DP,True,67
2021-07-07,Wed,71,7,1,368,128,SP,SP,True,71
2021-07-08,Thu,26,2,6,246,358,SP,SP,True,26
2021-07-09,Fri,26,2,6,390,277,SP,DP,True,26
2021-07-10,Sat,91,9,1,270,678,SP,SP,True,91
2021-07-12,Mon,54,5,4,456,680,SP,SP,True,54
2021-07-13,Tue,56,5,6,168,367,SP,SP,True,56
2021-07-14,Wed,83,8,3,350,689,SP,SP,True,83
2021-07-15,Thu,84,8,4,567,167,SP,SP,True,84
2021-07-16,Fri,54,5,4,249,356,SP,SP,True,54
2021-07-17,Sat,56,5,6,889,259,DP,SP,True,56
2021-07-19,Mon,02,0,2,677,246,DP,SP,True,02
2021-07-20,Tue,33,3,3,139,148,SP,SP,True,33
2021-07-21,Wed,49,4,9,248,117,SP,DP,True,49
2021-07-22,Thu,16,1,6,245,600,SP,DP,True,16
2021-07-23,Fri,59,5,9,780,379,SP,SP,True,59
2021-07-24,Sat,34,3,4,139,167,SP,SP,True,34
2021-07-26,Mon,65,6,5,367,690,SP,SP,True,65
2021-07-27,Tue,86,8,6,350,457,SP,SP,True,86
2021-07-28,Wed,35,3,5,445,249,DP,SP,True,35
2021-07-29,Thu,93,9,3,379,238,SP,SP,True,93
2021-07-30,Fri,26,2,6,345,358,SP,SP,True,26
2021-07-31,Sat,53,5,3,889,788,DP,DP,True,53
2021-08-02,Mon,89,8,9,378,225,SP,DP,True,89
2021-08-03,Tue,00,0,0,235,479,SP,SP,True,00
2021-08-04,Wed,66,6,6,899,178,DP,SP,True,66
2021-08-05,Thu,08,0,8,389,134,SP,SP,True,08
2021-08-06,Fri,22,2,2,156,390,SP,SP,True,22
2021-08-07,Sat,29,2,9,147,135,SP,SP,True,29
2021-08-09,Mon,66,6,6,240,790,SP,SP,True,66
2021-08-10,Tue,25,2,5,138,249,SP,SP,True,25
2021-08-11,Wed,66,6,6,259,169,SP,SP,True,66
2021-08-12,Thu,26,2,6,336,123,DP,SP,True,26
2021-08-13,Fri,14,1,4,470,680,SP,SP,True,14
2021-08-14,Sat,33,3,3,238,148,SP,SP,True,33
2021-08-16,Mon,80,8,0,279,235,SP,SP,True,80
2021-08-17,Tue,07,0,7,280,124,SP,SP,True,07
2021-08-18,Wed,54,5,4,159,239,SP,SP,True,54
2021-08-19,Thu,94,9,4,135,789,SP,SP,True,94
2021-08-20,Fri,60,6,0,114,299,DP,DP,True,60
2021-08-21,Sat,18,1,8,579,459,SP,SP,True,18
2021-08-23,Mon,83,8,3,189,490,SP,SP,True,83
2021-08-24,Tue,15,1,5,100,159,DP,SP,True,15
2021-08-25,Wed,07,0,7,479,458,SP,SP,True,07
2021-08-26,Thu,24,2,4,679,248,SP,SP,True,24
2021-08-27,Fri,45,4,5,167,249,SP,SP,True,45
2021-08-28,Sat,23,2,3,660,256,DP,SP,True,23
2021-08-30,Mon,59,5,9,168,559,SP,DP,True,59
2021-08-31,Tue,64,6,4,600,149,DP,SP,True,64
2021-09-01,Wed,15,1,5,669,249,DP,SP,True,15
2021-09-02,Thu,91,9,1,180,560,SP,SP,True,91
2021-09-03,Fri,92,9,2,559,129,DP,SP,True,92
2021-09-04,Sat,18,1,8,236,134,SP,SP,True,18
2021-09-06,Mon,35,3,5,490,267,SP,SP,True,35
2021-09-07,Tue,14,1,4,470,455,SP,DP,True,14
2021-09-08,Wed,27,2,7,570,566,SP,DP,True,27
2021-09-09,Thu,92,9,2,388,336,DP,DP,True,92
2021-09-10,Fri,76,7,6,133,448,DP,DP,True,76
2021-09-11,Sat,64,6,4,259,266,SP,DP,True,64
2021-09-13,Mon,30,3,0,157,118,SP,DP,True,30
2021-09-14,Tue,85,8,5,224,267,DP,SP,True,85
2021-09-15,Wed,10,1,0,245,389,SP,SP,True,10
2021-09-16,Thu,73,7,3,269,580,SP,SP,True,73
2021-09-17,Fri,55,5,5,267,780,SP,SP,True,55
2021-09-18,Sat,87,8,7,279,467,SP,SP,True,87
2021-09-20,Mon,82,8,2,567,345,SP,SP,True,82
2021-09-21,Tue,58,5,8,889,350,DP,SP,True,58
2021-09-22,Wed,18,1,8,227,369,DP,SP,True,18
2021-09-23,Thu,57,5,7,267,179,SP,SP,True,57
2021-09-24,Fri,51,5,1,140,380,SP,SP,True,51
2021-09-25,Sat,94,9,4,379,590,SP,SP,True,94
2021-09-27,Mon,80,8,0,134,145,SP,SP,True,80
2021-09-28,Tue,99,9,9,469,180,SP,SP,True,99
2021-09-29,Wed,76,7,6,269,330,SP,DP,True,76
2021-09-30,Thu,22,2,2,480,778,SP,DP,True,22
2021-10-01,Fri,18,1,8,146,288,SP,DP,True,18
2021-10-02,Sat,30,3,0,670,370,SP,SP,True,30
2021-10-04,Mon,42,4,2,347,778,SP,DP,True,42
2021-10-05,Tue,43,4,3,680,355,SP,DP,True,43
2021-10-06,Wed,21,2,1,138,137,SP,SP,True,21
2021-10-07,Thu,73,7,3,124,670,SP,SP,True,73
2021-10-08,Fri,58,5,8,339,116,DP,DP,True,58
2021-10-09,Sat,52,5,2,140,570,SP,SP,True,52
2021-10-11,Mon,24,2,4,129,680,SP,SP,True,24
2021-10-12,Tue,22,2,2,499,147,DP,SP,True,22
2021-10-13,Wed,91,9,1,379,100,SP,DP,True,91
2021-10-14,Thu,78,7,8,467,288,SP,DP,True,78
2021-10-15,Fri,92,9,2,135,147,SP,SP,True,92
2021-10-16,Sat,86,8,6,468,367,SP,SP,True,86
2021-10-18,Mon,74,7,4,368,338,SP,DP,True,74
2021-10-19,Tue,59,5,9,366,270,DP,SP,True,59
2021-10-20,Wed,72,7,2,566,688,DP,DP,True,72
2021-10-21,Thu,12,1,2,245,129,SP,SP,True,12
2021-10-22,Fri,27,2,7,345,890,SP,SP,True,27
2021-10-23,Sat,94,9,4,469,347,SP,SP,True,94
2021-10-25,Mon,94,9,4,667,130,DP,SP,True,94
2021-10-26,Tue,16,1,6,236,259,SP,SP,True,16
2021-10-27,Wed,57,5,7,366,359,DP,SP,True,57
2021-10-28,Thu,69,6,9,600,135,DP,SP,True,69
2021-10-29,Fri,21,2,1,147,128,SP,SP,True,21
2021-10-30,Sat,65,6,5,367,159,SP,SP,True,65
2021-11-01,Mon,,,,,,,,False,**
2021-11-02,Tue,,,,,,,,False,**
2021-11-03,Wed,,,,,,,,False,**
2021-11-04,Thu,,,,,,,,False,**
2021-11-05,Fri,,,,,,,,False,**
2021-11-06,Sat,,,,,,,,False,**
2021-11-08,Mon,,,,,,,,False,**
2021-11-09,Tue,92,9,2,135,237,SP,SP,True,92
2021-11-10,Wed,25,2,5,345,357,SP,SP,True,25
2021-11-11,Thu,70,7,0,368,299,SP,DP,True,70
2021-11-12,Fri,00,0,0,334,280,DP,SP,True,00
2021-11-13,Sat,72,7,2,179,390,SP,SP,True,72
2021-11-15,Mon,97,9,7,478,458,SP,SP,True,97
2021-11-16,Tue,76,7,6,115,123,DP,SP,True,76
2021-11-17,Wed,87,8,7,477,269,DP,SP,True,87
2021-11-18,Thu,90,9,0,270,235,SP,SP,True,90
2021-11-19,Fri,16,1,6,560,466,SP,DP,True,16
2021-11-20,Sat,56,5,6,267,556,SP,DP,True,56
2021-11-22,Mon,40,4,0,130,118,SP,DP,True,40
2021-11-23,Tue,30,3,0,229,569,DP,SP,True,30
2021-11-24,Wed,73,7,3,890,580,SP,SP,True,73
2021-11-25,Thu,39,3,9,247,270,SP,SP,True,39
2021-11-26,Fri,93,9,3,469,580,SP,SP,True,93
2021-11-27,Sat,30,3,0,120,479,SP,SP,True,30
2021-11-29,Mon,17,1,7,245,124,SP,SP,True,17
2021-11-30,Tue,23,2,3,129,157,SP,SP,True,23
2021-12-01,Wed,11,1,1,380,290,SP,SP,True,11
2021-12-02,Thu,50,5,0,168,190,SP,SP,True,50
2021-12-03,Fri,31,3,1,445,137,DP,SP,True,31
2021-12-04,Sat,09,0,9,145,478,SP,SP,True,09
2021-12-06,Mon,42,4,2,248,345,SP,SP,True,42
2021-12-07,Tue,55,5,5,447,690,DP,SP,True,55
2021-12-08,Wed,53,5,3,780,120,SP,SP,True,53
2021-12-09,Thu,02,0,2,280,589,SP,SP,True,02
2021-12-10,Fri,30,3,0,229,578,DP,SP,True,30
2021-12-11,Sat,48,4,8,356,260,SP,SP,True,48
2021-12-13,Mon,90,9,0,667,479,DP,SP,True,90
2021-12-14,Tue,37,3,7,157,368,SP,SP,True,37
2021-12-15,Wed,88,8,8,990,134,DP,SP,True,88
2021-12-16,Thu,74,7,4,278,446,SP,DP,True,74
2021-12-17,Fri,68,6,8,367,134,SP,SP,True,68
2021-12-18,Sat,82,8,2,468,390,SP,SP,True,82
2021-12-20,Mon,45,4,5,248,168,SP,SP,True,45
2021-12-21,Tue,55,5,5,447,456,DP,SP,True,55
2021-12-22,Wed,52,5,2,456,499,SP,DP,True,52
2021-12-23,Thu,19,1,9,100,469,DP,SP,True,19
2021-12-24,Fri,34,3,4,148,446,SP,DP,True,34
2021-12-25,Sat,41,4,1,356,678,SP,SP,True,41
2021-12-27,Mon,08,0,8,569,189,SP,SP,True,08
2021-12-28,Tue,80,8,0,189,479,SP,SP,True,80
2021-12-29,Wed,60,6,0,358,280,SP,SP,True,60
2021-12-30,Thu,08,0,8,136,189,SP,SP,True,08
2021-12-31,Fri,17,1,7,399,340,DP,SP,True,17
2022-01-01,Sat,31,3,1,238,579,SP,SP,True,31
2022-01-03,Mon,84,8,4,350,590,SP,SP,True,84
2022-01-04,Tue,64,6,4,277,149,DP,SP,True,64
2022-01-05,Wed,19,1,9,335,270,DP,SP,True,19
2022-01-06,Thu,23,2,3,660,580,DP,SP,True,23
2022-01-07,Fri,37,3,7,689,557,SP,DP,True,37
2022-01-08,Sat,07,0,7,370,278,SP,SP,True,07
2022-01-10,Mon,09,0,9,370,478,SP,SP,True,09
2022-01-11,Tue,57,5,7,500,340,DP,SP,True,57
2022-01-12,Wed,91,9,1,360,489,SP,SP,True,91
2022-01-13,Thu,52,5,2,500,480,DP,SP,True,52
2022-01-14,Fri,09,0,9,280,180,SP,SP,True,09
2022-01-15,Sat,31,3,1,120,489,SP,SP,True,31
2022-01-17,Mon,05,0,5,569,339,SP,DP,True,05
2022-01-18,Tue,20,2,0,246,578,SP,SP,True,20
2022-01-19,Wed,51,5,1,267,678,SP,SP,True,51
2022-01-20,Thu,44,4,4,167,158,SP,SP,True,44
2022-01-21,Fri,88,8,8,567,134,SP,SP,True,88
2022-01-22,Sat,88,8,8,170,369,SP,SP,True,88
2022-01-24,Mon,40,4,0,220,235,DP,SP,True,40
2022-01-25,Tue,01,0,1,145,678,SP,SP,True,01
2022-01-26,Wed,,,,,,,,False,**
2022-01-27,Thu,08,0,8,569,260,SP,SP,True,08
2022-01-28,Fri,41,4,1,338,470,DP,SP,True,41
2022-01-29,Sat,24,2,4,589,130,SP,SP,True,24
2022-01-31,Mon,48,4,8,248,134,SP,SP,True,48
2022-02-01,Tue,39,3,9,689,360,SP,SP,True,39
2022-02-02,Wed,55,5,5,159,177,SP,DP,True,55
2022-02-03,Thu,69,6,9,114,388,DP,DP,True,69
2022-02-04,Fri,16,1,6,137,123,SP,SP,True,16
2022-02-05,Sat,40,4,0,400,136,DP,SP,True,40
2022-02-07,Mon,72,7,2,179,228,SP,DP,True,72
2022-02-08,Tue,55,5,5,168,348,SP,SP,True,55
2022-02-09,Wed,37,3,7,689,566,SP,DP,True,37
2022-02-10,Thu,94,9,4,379,248,SP,SP,True,94
2022-02-11,Fri,81,8,1,477,489,DP,SP,True,81
2022-02-12,Sat,99,9,9,379,469,SP,SP,True,99
2022-02-14,Mon,76,7,6,278,259,SP,SP,True,76
2022-02-15,Tue,63,6,3,169,247,SP,SP,True,63
2022-02-16,Wed,58,5,8,348,170,SP,SP,True,58
2022-02-17,Thu,27,2,7,200,359,DP,SP,True,27
2022-02-18,Fri,08,0,8,136,468,SP,SP,True,08
2022-02-19,Sat,11,1,1,236,128,SP,SP,True,11
2022-02-21,Mon,81,8,1,558,236,DP,SP,True,81
2022-02-22,Tue,84,8,4,260,239,SP,SP,True,84
2022-02-23,Wed,76,7,6,179,358,SP,SP,True,76
2022-02-24,Thu,37,3,7,166,368,DP,SP,True,37
2022-02-25,Fri,85,8,5,224,177,DP,DP,True,85
2022-02-26,Sat,74,7,4,124,158,SP,SP,True,74
2022-02-28,Mon,96,9,6,135,169,SP,SP,True,96
2022-03-01,Tue,43,4,3,455,689,DP,SP,True,43
2022-03-02,Wed,08,0,8,127,260,SP,SP,True,08
2022-03-03,Thu,74,7,4,566,338,DP,DP,True,74
2022-03-04,Fri,25,2,5,147,267,SP,SP,True,25
2022-03-05,Sat,51,5,1,799,489,DP,SP,True,51
2022-03-07,Mon,93,9,3,900,256,DP,SP,True,93
2022-03-08,Tue,71,7,1,179,146,SP,SP,True,71
2022-03-09,Wed,05,0,5,668,799,DP,DP,True,05
2022-03-10,Thu,63,6,3,114,670,DP,SP,True,63
2022-03-11,Fri,39,3,9,157,360,SP,SP,True,39
2022-03-12,Sat,53,5,3,168,355,SP,DP,True,53
2022-03-14,Mon,52,5,2,177,570,DP,SP,True,52
2022-03-15,Tue,99,9,9,379,568,SP,SP,True,99
2022-03-16,Wed,33,3,3,670,120,SP,SP,True,33
2022-03-17,Thu,74,7,4,890,158,SP,SP,True,74
2022-03-18,Fri,,,,,,,,False,**
2022-03-19,Sat,01,0,1,578,155,SP,DP,True,01
2022-03-21,Mon,70,7,0,557,389,DP,SP,True,70
2022-03-22,Tue,23,2,3,228,779,DP,DP,True,23
2022-03-23,Wed,23,2,3,129,256,SP,SP,True,23
2022-03-24,Thu,72,7,2,449,255,DP,DP,True,72
2022-03-25,Fri,99,9,9,135,234,SP,SP,True,99
2022-03-26,Sat,47,4,7,130,278,SP,SP,True,47
2022-03-28,Mon,66,6,6,358,150,SP,SP,True,66
2022-03-29,Tue,65,6,5,240,249,SP,SP,True,65
2022-03-30,Wed,90,9,0,900,118,DP,DP,True,90
2022-03-31,Thu,06,0,6,226,448,DP,DP,True,06
2022-04-01,Fri,93,9,3,478,599,SP,DP,True,93
2022-04-02,Sat,68,6,8,259,990,SP,DP,True,68
2022-04-04,Mon,27,2,7,570,359,SP,SP,True,27
2022-04-05,Tue,20,2,0,255,280,DP,SP,True,20
2022-04-06,Wed,30,3,0,139,479,SP,SP,True,30
2022-04-07,Thu,94,9,4,234,266,SP,DP,True,94
2022-04-08,Fri,09,0,9,190,234,SP,SP,True,09
2022-04-09,Sat,36,3,6,779,169,DP,SP,True,36
2022-04-11,Mon,52,5,2,249,156,SP,SP,True,52
2022-04-12,Tue,33,3,3,139,157,SP,SP,True,33
2022-04-13,Wed,21,2,1,336,678,DP,SP,True,21
2022-04-14,Thu,59,5,9,690,667,SP,DP,True,59
2022-04-15,Fri,19,1,9,290,388,SP,DP,True,19
2022-04-16,Sat,63,6,3,259,238,SP,SP,True,63
2022-04-18,Mon,35,3,5,166,249,DP,SP,True,35
2022-04-19,Tue,20,2,0,147,677,SP,DP,True,20
2022-04-20,Wed,65,6,5,457,357,SP,SP,True,65
2022-04-21,Thu,76,7,6,250,457,SP,SP,True,76
2022-04-22,Fri,06,0,6,299,123,DP,SP,True,06
2022-04-23,Sat,07,0,7,460,359,SP,SP,True,07
2022-04-25,Mon,07,0,7,280,269,SP,SP,True,07
2022-04-26,Tue,04,0,4,370,455,SP,DP,True,04
2022-04-27,Wed,29,2,9,679,469,SP,SP,True,29
2022-04-28,Thu,34,3,4,355,220,DP,DP,True,34
2022-04-29,Fri,37,3,7,157,124,SP,SP,True,37
2022-04-30,Sat,48,4,8,149,567,SP,SP,True,48
2022-05-02,Mon,34,3,4,337,167,DP,SP,True,34
2022-05-03,Tue,92,9,2,388,688,DP,DP,True,92
2022-05-04,Wed,49,4,9,149,478,SP,SP,True,49
2022-05-05,Thu,29,2,9,660,289,DP,SP,True,29
2022-05-06,Fri,87,8,7,170,133,SP,DP,True,87
2022-05-07,Sat,60,6,0,358,569,SP,SP,True,60
2022-05-09,Mon,41,4,1,248,100,SP,DP,True,41
2022-05-10,Tue,51,5,1,780,399,SP,DP,True,51
2022-05-11,Wed,79,7,9,368,234,SP,SP,True,79
2022-05-12,Thu,91,9,1,478,678,SP,SP,True,91
2022-05-13,Fri,70,7,0,449,479,DP,SP,True,70
2022-05-14,Sat,26,2,6,138,178,SP,SP,True,26
2022-05-16,Mon,31,3,1,580,236,SP,SP,True,31
2022-05-17,Tue,54,5,4,357,789,SP,SP,True,54
2022-05-18,Wed,95,9,5,667,447,DP,DP,True,95
2022-05-19,Thu,58,5,8,249,800,SP,DP,True,58
2022-05-20,Fri,93,9,3,559,247,DP,SP,True,93
2022-05-21,Sat,78,7,8,124,224,SP,DP,True,78
2022-05-23,Mon,46,4,6,257,330,SP,DP,True,46
2022-05-24,Tue,21,2,1,778,227,DP,DP,True,21
2022-05-25,Wed,12,1,2,146,480,SP,SP,True,12
2022-05-26,Thu,05,0,5,479,230,SP,SP,True,05
2022-05-27,Fri,45,4,5,257,456,SP,SP,True,45
2022-05-28,Sat,76,7,6,890,358,SP,SP,True,76
2022-05-30,Mon,86,8,6,260,178,SP,SP,True,86
2022-05-31,Tue,54,5,4,357,446,SP,DP,True,54
2022-06-01,Wed,70,7,0,458,127,SP,SP,True,70
2022-06-02,Thu,12,1,2,119,679,DP,SP,True,12
2022-06-03,Fri,95,9,5,289,140,SP,SP,True,95
2022-06-04,Sat,06,0,6,460,448,SP,DP,True,06
2022-06-06,Mon,51,5,1,249,560,SP,SP,True,51
2022-06-07,Tue,27,2,7,228,269,DP,SP,True,27
2022-06-08,Wed,88,8,8,558,378,DP,SP,True,88
2022-06-09,Thu,82,8,2,567,129,SP,SP,True,82
2022-06-10,Fri,22,2,2,589,570,SP,SP,True,22
2022-06-11,Sat,37,3,7,148,278,SP,SP,True,37
2022-06-13,Mon,86,8,6,567,790,SP,SP,True,86
2022-06-14,Tue,60,6,0,367,389,SP,SP,True,60
2022-06-15,Wed,16,1,6,560,358,SP,SP,True,16
2022-06-16,Thu,64,6,4,259,239,SP,SP,True,64
2022-06-17,Fri,11,1,1,236,560,SP,SP,True,11
2022-06-18,Sat,44,4,4,455,220,DP,DP,True,44
2022-06-27,Mon,26,2,6,255,349,DP,SP,True,26
2022-06-28,Tue,67,6,7,466,458,DP,SP,True,67
2022-06-29,Wed,88,8,8,468,224,SP,DP,True,88
2022-06-30,Thu,11,1,1,489,290,SP,SP,True,11
2022-07-01,Fri,39,3,9,120,126,SP,SP,True,39
2022-07-02,Sat,90,9,0,900,280,DP,SP,True,90
2022-07-04,Mon,28,2,8,156,459,SP,SP,True,28
2022-07-05,Tue,73,7,3,890,139,SP,SP,True,73
2022-07-06,Wed,26,2,6,255,178,DP,SP,True,26
2022-07-07,Thu,78,7,8,250,369,SP,SP,True,78
2022-07-08,Fri,18,1,8,128,459,SP,SP,True,18
2022-07-09,Sat,32,3,2,689,480,SP,SP,True,32
2022-07-11,Mon,49,4,9,130,360,SP,SP,True,49
2022-07-12,Tue,74,7,4,179,158,SP,SP,True,74
2022-07-13,Wed,22,2,2,660,138,DP,SP,True,22
2022-07-14,Thu,93,9,3,360,490,SP,SP,True,93
2022-07-15,Fri,92,9,2,568,129,SP,SP,True,92
2022-07-16,Sat,02,0,2,569,390,SP,SP,True,02
2022-07-18,Mon,64,6,4,466,356,DP,SP,True,64
2022-07-19,Tue,50,5,0,140,370,SP,SP,True,50
2022-07-20,Wed,21,2,1,390,560,SP,SP,True,21
2022-07-21,Thu,57,5,7,456,124,SP,SP,True,57
2022-07-22,Fri,25,2,5,336,249,DP,SP,True,25
2022-07-23,Sat,48,4,8,338,189,DP,SP,True,48
2022-07-25,Mon,22,2,2,660,589,DP,SP,True,22
2022-07-26,Tue,14,1,4,146,338,SP,DP,True,14
2022-07-27,Wed,23,2,3,156,238,SP,SP,True,23
2022-07-28,Thu,20,2,0,147,190,SP,SP,True,20
2022-07-29,Fri,56,5,6,799,790,DP,SP,True,56
2022-07-30,Sat,40,4,0,149,370,SP,SP,True,40
2022-08-01,Mon,54,5,4,357,112,SP,DP,True,54
2022-08-02,Tue,21,2,1,246,380,SP,SP,True,21
2022-08-03,Wed,87,8,7,378,179,SP,SP,True,87
2022-08-04,Thu,05,0,5,280,690,SP,SP,True,05
2022-08-05,Fri,36,3,6,355,259,DP,SP,True,36
2022-08-06,Sat,65,6,5,349,267,SP,SP,True,65
2022-08-08,Mon,98,9,8,225,567,DP,SP,True,98
2022-08-09,Tue,82,8,2,260,679,SP,SP,True,82
2022-08-10,Wed,97,9,7,126,278,SP,SP,True,97
2022-08-11,Thu,04,0,4,280,257,SP,SP,True,04
2022-08-12,Fri,89,8,9,567,379,SP,SP,True,89
2022-08-13,Sat,65,6,5,448,780,DP,SP,True,65
2022-08-15,Mon,,,,,,,,False,**
2022-08-16,Tue,39,3,9,166,289,DP,SP,True,39
2022-08-17,Wed,91,9,1,667,290,DP,SP,True,91
2022-08-18,Thu,73,7,3,890,120,SP,SP,True,73
2022-08-19,Fri,27,2,7,156,340,SP,SP,True,27
2022-08-20,Sat,67,6,7,367,340,SP,SP,True,67
2022-08-22,Mon,18,1,8,560,189,SP,SP,True,18
2022-08-23,Tue,10,1,0,128,244,SP,DP,True,10
2022-08-24,Wed,65,6,5,178,122,SP,DP,True,65
2022-08-25,Thu,07,0,7,569,278,SP,SP,True,07
2022-08-26,Fri,81,8,1,350,146,SP,SP,True,81
2022-08-27,Sat,31,3,1,689,128,SP,SP,True,31
2022-08-29,Mon,90,9,0,379,460,SP,SP,True,90
2022-08-30,Tue,52,5,2,357,679,SP,SP,True,52
2022-08-31,Wed,18,1,8,290,260,SP,SP,True,18
2022-09-01,Thu,12,1,2,470,147,SP,SP,True,12
2022-09-02,Fri,50,5,0,780,136,SP,SP,True,50
2022-09-03,Sat,53,5,3,348,238,SP,SP,True,53
2022-09-05,Mon,39,3,9,238,568,SP,SP,True,39
2022-09-06,Tue,82,8,2,125,147,SP,SP,True,82
2022-09-07,Wed,86,8,6,369,169,SP,SP,True,86
2022-09-08,Thu,41,4,1,338,236,DP,SP,True,41
2022-09-09,Fri,74,7,4,890,130,SP,SP,True,74
2022-09-10,Sat,81,8,1,378,489,SP,SP,True,81
2022-09-12,Mon,05,0,5,389,357,SP,SP,True,05
2022-09-13,Tue,58,5,8,780,459,SP,SP,True,58
2022-09-14,Wed,99,9,9,667,135,DP,SP,True,99
2022-09-15,Thu,48,4,8,590,134,SP,SP,True,48
2022-09-16,Fri,71,7,1,160,678,SP,SP,True,71
2022-09-17,Sat,43,4,3,130,247,SP,SP,True,43
2022-09-19,Mon,47,4,7,455,467,DP,SP,True,47
2022-09-20,Tue,66,6,6,349,367,SP,SP,True,66
2022-09-21,Wed,06,0,6,145,259,SP,SP,True,06
2022-09-22,Thu,30,3,0,689,136,SP,SP,True,30
2022-09-23,Fri,88,8,8,378,134,SP,SP,True,88
2022-09-24,Sat,99,9,9,135,469,SP,SP,True,99
2022-09-26,Mon,04,0,4,488,149,DP,SP,True,04
2022-09-27,Tue,13,1,3,579,247,SP,SP,True,13
2022-09-28,Wed,34,3,4,580,149,SP,SP,True,34
2022-09-29,Thu,30,3,0,148,127,SP,SP,True,30
2022-09-30,Fri,08,0,8,235,350,SP,SP,True,08
2022-10-01,Sat,71,7,1,340,579,SP,SP,True,71
2022-10-03,Mon,15,1,5,236,267,SP,SP,True,15
2022-10-04,Tue,58,5,8,348,459,SP,SP,True,58
2022-10-05,Wed,67,6,7,240,269,SP,SP,True,67
2022-10-06,Thu,97,9,7,289,340,SP,SP,True,97
2022-10-07,Fri,14,1,4,560,789,SP,SP,True,14
2022-10-08,Sat,99,9,9,450,379,SP,SP,True,99
2022-10-10,Mon,09,0,9,389,270,SP,SP,True,09
2022-10-11,Tue,38,3,8,689,567,SP,SP,True,38
2022-10-12,Wed,11,1,1,470,489,SP,SP,True,11
2022-10-13,Thu,35,3,5,139,456,SP,SP,True,35
2022-10-14,Fri,64,6,4,367,158,SP,SP,True,64
2022-10-15,Sat,79,7,9,250,360,SP,SP,True,79
2022-10-17,Mon,51,5,1,780,489,SP,SP,True,51
2022-10-18,Tue,07,0,7,190,115,SP,DP,True,07
2022-10-19,Wed,63,6,3,367,599,SP,DP,True,63
2022-10-20,Thu,69,6,9,790,289,SP,SP,True,69
2022-10-21,Fri,83,8,3,279,355,SP,DP,True,83
2022-10-22,Sat,54,5,4,258,158,SP,SP,True,54
2022-10-24,Mon,,,,,,,,False,**
2022-10-25,Tue,,,,,,,,False,**
2022-10-26,Wed,,,,,,,,False,**
2022-10-27,Thu,,,,,,,,False,**
2022-10-28,Fri,,,,,,,,False,**
2022-10-29,Sat,,,,,,,,False,**
2022-10-31,Mon,51,5,1,357,137,SP,SP,True,51
2022-11-01,Tue,10,1,0,470,190,SP,SP,True,10
2022-11-02,Wed,02,0,2,479,156,SP,SP,True,02
2022-11-03,Thu,51,5,1,140,146,SP,SP,True,51
2022-11-04,Fri,05,0,5,235,168,SP,SP,True,05
2022-11-05,Sat,74,7,4,368,356,SP,SP,True,74
2022-11-07,Mon,99,9,9,270,568,SP,SP,True,99
2022-11-08,Tue,58,5,8,889,558,DP,DP,True,58
2022-11-09,Wed,52,5,2,168,228,SP,DP,True,52
2022-11-10,Thu,30,3,0,580,488,SP,DP,True,30
2022-11-11,Fri,56,5,6,357,169,SP,SP,True,56
2022-11-12,Sat,92,9,2,126,679,SP,SP,True,92
2022-11-14,Mon,70,7,0,368,550,SP,DP,True,70
2022-11-15,Tue,24,2,4,228,158,DP,SP,True,24
2022-11-16,Wed,64,6,4,600,158,DP,SP,True,64
2022-11-17,Thu,51,5,1,177,669,DP,DP,True,51
2022-11-18,Fri,67,6,7,150,368,SP,SP,True,67
2022-11-19,Sat,12,1,2,236,147,SP,SP,True,12
2022-11-21,Mon,68,6,8,268,288,SP,DP,True,68
2022-11-22,Tue,62,6,2,268,345,SP,SP,True,62
2022-11-23,Wed,20,2,0,237,145,SP,SP,True,20
2022-11-24,Thu,81,8,1,378,579,SP,SP,True,81
2022-11-25,Fri,74,7,4,368,130,SP,SP,True,74
2022-11-26,Sat,49,4,9,248,135,SP,SP,True,49
2022-11-28,Mon,06,0,6,479,466,SP,DP,True,06
2022-11-29,Tue,44,4,4,455,590,DP,SP,True,44
2022-11-30,Wed,01,0,1,145,470,SP,SP,True,01
2022-12-01,Thu,38,3,8,300,170,DP,SP,True,38
2022-12-02,Fri,25,2,5,129,690,SP,SP,True,25
2022-12-03,Sat,72,7,2,557,589,DP,SP,True,72
2022-12-05,Mon,79,7,9,115,388,DP,DP,True,79
2022-12-06,Tue,91,9,1,900,227,DP,DP,True,91
2022-12-07,Wed,63,6,3,178,490,SP,SP,True,63
2022-12-08,Thu,99,9,9,469,180,SP,SP,True,99
2022-12-09,Fri,44,4,4,789,239,SP,SP,True,44
2022-12-10,Sat,64,6,4,457,167,SP,SP,True,64
2022-12-12,Mon,25,2,5,570,267,SP,SP,True,25
2022-12-13,Tue,42,4,2,149,156,SP,SP,True,42
2022-12-14,Wed,87,8,7,350,269,SP,SP,True,87
2022-12-15,Thu,87,8,7,279,449,SP,DP,True,87
2022-12-16,Fri,58,5,8,258,125,SP,SP,True,58
2022-12-17,Sat,28,2,8,499,134,DP,SP,True,28
2022-12-19,Mon,31,3,1,300,290,DP,SP,True,31
2022-12-20,Tue,94,9,4,360,112,SP,DP,True,94
2022-12-21,Wed,61,6,1,240,227,SP,DP,True,61
2022-12-22,Thu,18,1,8,100,170,DP,SP,True,18
2022-12-23,Fri,98,9,8,379,134,SP,SP,True,98
2022-12-24,Sat,46,4,6,248,367,SP,SP,True,46
2022-12-26,Mon,94,9,4,478,680,SP,SP,True,94
2022-12-27,Tue,81,8,1,260,236,SP,SP,True,81
2022-12-28,Wed,55,5,5,140,690,SP,SP,True,55
2022-12-29,Thu,90,9,0,360,145,SP,SP,True,90
2022-12-30,Fri,58,5,8,267,260,SP,SP,True,58
2022-12-31,Sat,61,6,1,169,137,SP,SP,True,61
2023-01-02,Mon,87,8,7,260,359,SP,SP,True,87
2023-01-03,Tue,11,1,1,137,588,SP,DP,True,11
2023-01-04,Wed,11,1,1,678,380,SP,SP,True,11
2023-01-05,Thu,85,8,5,567,348,SP,SP,True,85
2023-01-06,Fri,17,1,7,579,467,SP,SP,True,17
2023-01-07,Sat,19,1,9,470,126,SP,SP,True,19
2023-01-09,Mon,97,9,7,469,368,SP,SP,True,97
2023-01-10,Tue,35,3,5,247,230,SP,SP,True,35
2023-01-11,Wed,79,7,9,359,180,SP,SP,True,79
2023-01-12,Thu,57,5,7,690,124,SP,SP,True,57
2023-01-13,Fri,72,7,2,179,246,SP,SP,True,72
2023-01-14,Sat,33,3,3,247,670,SP,SP,True,33
2023-01-16,Mon,02,0,2,460,110,SP,DP,True,02
2023-01-17,Tue,15,1,5,669,122,DP,DP,True,15
2023-01-18,Wed,15,1,5,245,168,SP,SP,True,15
2023-01-19,Thu,69,6,9,899,450,DP,SP,True,69
2023-01-20,Fri,96,9,6,360,790,SP,SP,True,96
2023-01-21,Sat,82,8,2,459,246,SP,SP,True,82
2023-01-23,Mon,94,9,4,225,167,DP,SP,True,94
2023-01-24,Tue,56,5,6,177,123,DP,SP,True,56
2023-01-25,Wed,80,8,0,378,389,SP,SP,True,80
2023-01-26,Thu,,,,,,,,False,**
2023-01-27,Fri,89,8,9,279,568,SP,SP,True,89
2023-01-28,Sat,15,1,5,137,230,SP,SP,True,15
2023-01-30,Mon,48,4,8,338,170,DP,SP,True,48
2023-01-31,Tue,38,3,8,256,125,SP,SP,True,38
2023-02-01,Wed,48,4,8,130,378,SP,SP,True,48
2023-02-02,Thu,30,3,0,580,569,SP,SP,True,30
2023-02-03,Fri,47,4,7,400,368,DP,SP,True,47
2023-02-04,Sat,12,1,2,236,570,SP,SP,True,12
2023-02-06,Mon,44,4,4,266,130,DP,SP,True,44
2023-02-07,Tue,95,9,5,199,168,DP,SP,True,95
2023-02-08,Wed,53,5,3,780,238,SP,SP,True,53
2023-02-09,Thu,11,1,1,100,470,DP,SP,True,11
2023-02-10,Fri,22,2,2,129,679,SP,SP,True,22
2023-02-11,Sat,92,9,2,270,589,SP,SP,True,92
2023-02-13,Mon,80,8,0,279,127,SP,SP,True,80
2023-02-14,Tue,39,3,9,599,469,DP,SP,True,39
2023-02-15,Wed,52,5,2,889,336,DP,DP,True,52
2023-02-16,Thu,68,6,8,330,189,DP,SP,True,68
2023-02-17,Fri,67,6,7,790,566,SP,DP,True,67
2023-02-18,Sat,73,7,3,700,355,DP,DP,True,73
2023-02-20,Mon,43,4,3,680,670,SP,SP,True,43
2023-02-21,Tue,11,1,1,137,579,SP,SP,True,11
2023-02-22,Wed,50,5,0,780,244,SP,DP,True,50
2023-02-23,Thu,12,1,2,380,336,SP,DP,True,12
2023-02-24,Fri,26,2,6,589,268,SP,SP,True,26
2023-02-25,Sat,56,5,6,113,240,DP,SP,True,56
2023-02-27,Mon,51,5,1,168,489,SP,SP,True,51
2023-02-28,Tue,94,9,4,199,130,DP,SP,True,94
2023-03-01,Wed,85,8,5,567,366,SP,DP,True,85
2023-03-02,Thu,60,6,0,259,334,SP,DP,True,60
2023-03-03,Fri,37,3,7,256,467,SP,SP,True,37
2023-03-04,Sat,16,1,6,579,259,SP,SP,True,16
2023-03-06,Mon,14,1,4,227,590,DP,SP,True,14
2023-03-07,Tue,34,3,4,229,590,DP,SP,True,34
2023-03-08,Wed,,,,,,,,False,**
2023-03-09,Thu,93,9,3,568,238,SP,SP,True,93
2023-03-10,Fri,61,6,1,367,470,SP,SP,True,61
2023-03-11,Sat,64,6,4,358,248,SP,SP,True,64
2023-03-13,Mon,96,9,6,135,169,SP,SP,True,96
2023-03-14,Tue,00,0,0,479,145,SP,SP,True,00
2023-03-15,Wed,30,3,0,157,145,SP,SP,True,30
2023-03-16,Thu,38,3,8,599,378,DP,SP,True,38
2023-03-17,Fri,89,8,9,567,450,SP,SP,True,89
2023-03-18,Sat,83,8,3,459,256,SP,SP,True,83
2023-03-20,Mon,76,7,6,124,150,SP,SP,True,76
2023-03-21,Tue,22,2,2,570,679,SP,SP,True,22
2023-03-22,Wed,07,0,7,550,566,DP,DP,True,07
2023-03-23,Thu,97,9,7,126,340,SP,SP,True,97
2023-03-24,Fri,01,0,1,280,380,SP,SP,True,01
2023-03-25,Sat,58,5,8,456,134,SP,SP,True,58
2023-03-27,Mon,36,3,6,779,169,DP,SP,True,36
2023-03-28,Tue,87,8,7,567,359,SP,SP,True,87
2023-03-29,Wed,37,3,7,247,700,SP,DP,True,37
2023-03-30,Thu,95,9,5,450,168,SP,SP,True,95
2023-03-31,Fri,68,6,8,448,350,DP,SP,True,68
2023-04-01,Sat,07,0,7,145,160,SP,SP,True,07
2023-04-03,Mon,60,6,0,150,127,SP,SP,True,60
2023-04-04,Tue,81,8,1,369,137,SP,SP,True,81
2023-04-05,Wed,43,4,3,257,355,SP,DP,True,43
2023-04-06,Thu,72,7,2,269,660,SP,DP,True,72
2023-04-07,Fri,26,2,6,390,150,SP,SP,True,26
2023-04-08,Sat,98,9,8,126,567,SP,SP,True,98
2023-04-10,Mon,70,7,0,278,460,SP,SP,True,70
2023-04-11,Tue,04,0,4,235,590,SP,SP,True,04
2023-04-12,Wed,42,4,2,248,679,SP,SP,True,42
2023-04-13,Thu,17,1,7,236,250,SP,SP,True,17
2023-04-14,Fri,58,5,8,230,567,SP,SP,True,58
2023-04-15,Sat,35,3,5,300,780,DP,SP,True,35
2026-04-27,Mon,79,7,9,179,135,SP,SP,True,79
2026-04-28,Tue,98,9,8,469,224,SP,DP,True,98
2026-04-29,Wed,75,7,5,890,348,SP,SP,True,75
2026-04-30,Thu,37,3,7,256,269,SP,SP,True,37
2026-05-01,Fri,97,9,7,180,250,SP,SP,True,97
2026-05-02,Sat,68,6,8,123,459,SP,SP,True,68
2026-05-04,Mon,95,9,5,180,339,SP,DP,True,95
2026-05-05,Tue,13,1,3,137,148,SP,SP,True,13
2026-05-06,Wed,95,9,5,568,168,SP,SP,True,95
2026-05-07,Thu,51,5,1,690,236,SP,SP,True,51
2026-05-08,Fri,34,3,4,355,167,DP,SP,True,34
2026-05-09,Sat,18,1,8,137,288,SP,DP,True,18
2026-05-11,Mon,14,1,4,588,770,DP,DP,True,14
2026-05-12,Tue,14,1,4,579,590,SP,SP,True,14
2026-05-13,Wed,32,3,2,670,679,SP,SP,True,32
2026-05-14,Thu,20,2,0,679,479,SP,SP,True,20
2026-05-15,Fri,93,9,3,234,256,SP,SP,True,93
2026-05-16,Sat,78,7,8,368,279,SP,SP,True,78
2026-05-18,Mon,89,8,9,567,126,SP,SP,True,89
2026-05-19,Tue,64,6,4,330,347,DP,SP,True,64
2026-05-20,Wed,31,3,1,689,678,SP,SP,True,31
2026-05-21,Thu,24,2,4,156,130,SP,SP,True,24
2026-05-22,Fri,00,0,0,127,190,SP,SP,True,00
2026-05-23,Sat,13,1,3,678,238,SP,SP,True,13
2026-05-25,Mon,72,7,2,557,255,DP,DP,True,72
2026-05-26,Tue,71,7,1,890,128,SP,SP,True,71
2026-05-27,Wed,21,2,1,679,290,SP,SP,True,21
2026-05-28,Thu,75,7,5,124,357,SP,SP,True,75
2026-05-29,Fri,01,0,1,136,399,SP,DP,True,01
2026-05-30,Sat,95,9,5,144,780,DP,SP,True,95
2026-06-01,Mon,02,0,2,226,156,DP,SP,True,02
2026-06-02,Tue,38,3,8,599,189,DP,SP,True,38
2026-06-03,Wed,31,3,1,139,380,SP,SP,True,31
2026-06-04,Thu,83,8,3,800,247,DP,SP,True,83
2026-06-05,Fri,80,8,0,459,479,SP,SP,True,80
2026-06-06,Sat,50,5,0,456,280,SP,SP,True,50
2026-06-08,Mon,92,9,2,450,679,SP,SP,True,92
2026-06-09,Tue,62,6,2,240,390,SP,SP,True,62
2026-06-10,Wed,95,9,5,225,456,DP,SP,True,95
2026-06-11,Thu,30,3,0,788,677,DP,DP,True,30
2026-06-12,Fri,78,7,8,250,468,SP,SP,True,78
2026-06-13,Sat,17,1,7,579,449,SP,DP,True,17
2026-06-15,Mon,50,5,0,159,280,SP,SP,True,50
2026-06-16,Tue,23,2,3,345,689,SP,SP,True,23
2026-06-17,Wed,02,0,2,127,778,SP,DP,True,02
2026-06-18,Thu,13,1,3,380,157,SP,SP,True,13
2026-06-19,Fri,96,9,6,559,169,DP,SP,True,96
2026-06-20,Sat,92,9,2,469,156,SP,SP,True,92
2026-06-22,Mon,08,0,8,479,260,SP,SP,True,08
2026-06-23,Tue,34,3,4,120,167,SP,SP,True,34
2026-06-24,Wed,57,5,7,456,890,SP,SP,True,57
2026-06-25,Thu,21,2,1,228,588,DP,DP,True,21
2026-06-26,Fri,93,9,3,225,120,DP,SP,True,93
2026-06-27,Sat,97,9,7,135,566,SP,DP,True,97
2026-06-29,Mon,34,3,4,256,248,SP,SP,True,34
2026-06-30,Tue,06,0,6,226,880,DP,DP,True,06
2026-07-01,Wed,94,9,4,289,446,SP,DP,True,94
2026-07-02,Thu,06,0,6,389,448,SP,DP,True,06
2026-07-03,Fri,03,0,3,145,120,SP,SP,True,03
2026-07-04,Sat,49,4,9,347,117,SP,DP,True,49
2026-07-06,Mon,95,9,5,478,249,SP,SP,True,95
2026-07-07,Tue,75,7,5,566,357,DP,SP,True,75
2026-07-08,Wed,69,6,9,277,478,DP,SP,True,69
2026-07-09,Thu,14,1,4,579,347,SP,SP,True,14
2026-07-10,Fri,64,6,4,790,239,SP,SP,True,64
2026-07-11,Sat,96,9,6,289,790,SP,SP,True,96
2026-07-13,Mon,74,7,4,124,220,SP,DP,True,74
2026-07-14,Tue,01,0,1,677,678,DP,SP,True,01
2026-07-15,Wed,14,1,4,470,347,SP,SP,True,14
2026-07-16,Thu,45,4,5,680,258,SP,SP,True,45
2026-07-17,Fri,81,8,1,468,245,SP,SP,True,81
2026-07-18,Sat,62,6,2,150,589,SP,SP,True,62
2026-07-20,Mon,31,3,1,599,579,DP,SP,True,31
2026-07-21,Tue,31,3,1,337,290,DP,SP,True,31
2026-07-22,Wed,78,7,8,700,260,DP,SP,True,78
2026-07-23,Thu,00,0,0,578,226,SP,DP,True,00
2026-07-24,Fri,04,0,4,334,130,DP,SP,True,04
2026-07-25,Sat,74,7,4,160,239,SP,SP,True,74
2026-07-27,Mon,26,2,6,200,790,DP,SP,True,26
2026-07-28,Tue,26,2,6,589,899,SP,DP,True,26
2026-07-29,Wed,45,4,5,338,690,DP,SP,True,45
2026-07-30,Thu,28,2,8,147,134,SP,SP,True,28
2026-07-31,Fri,23,2,3,138,490,SP,SP,True,23
2026-08-01,Sat,32,3,2,256,129,SP,SP,True,32
2026-08-03,Mon,99,9,9,568,577,SP,DP,True,99
2026-08-04,Tue,65,6,5,114,780,DP,SP,True,65
2026-08-05,Wed,66,6,6,899,790,DP,SP,True,66
2026-08-06,Thu,89,8,9,990,135,DP,SP,True,89
2026-08-07,Fri,59,5,9,113,126,DP,SP,True,59
2026-08-08,Sat,67,6,7,349,188,SP,DP,True,67
2026-08-10,Mon,26,2,6,138,123,SP,SP,True,26
2026-08-11,Tue,81,8,1,459,227,SP,DP,True,81
2026-08-12,Wed,38,3,8,346,567,SP,SP,True,38
2026-08-13,Thu,37,3,7,670,278,SP,SP,True,37
2026-08-14,Fri,26,2,6,688,114,DP,DP,True,26
2026-08-15,Sat,,,,,,,,False,**
2026-08-17,Mon,33,3,3,157,689,SP,SP,True,33
2026-08-18,Tue,20,2,0,255,578,DP,SP,True,20
2026-08-19,Wed,73,7,3,278,247,SP,SP,True,73
2026-08-20,Thu,88,8,8,170,369,SP,SP,True,88
2026-08-21,Fri,99,9,9,234,135,SP,SP,True,99
2026-08-22,Sat,31,3,1,689,128,SP,SP,True,31
2026-08-24,Mon,07,0,7,668,449,DP,DP,True,07
2026-08-25,Tue,17,1,7,470,179,SP,SP,True,17
2026-08-26,Wed,33,3,3,247,490,SP,SP,True,33
2026-08-27,Thu,92,9,2,568,345,SP,SP,True,92
2026-08-28,Fri,32,3,2,247,480,SP,SP,True,32
2026-08-29,Sat,50,5,0,168,145,SP,SP,True,50
2026-08-31,Mon,69,6,9,600,360,DP,SP,True,69
2026-09-01,Tue,05,0,5,190,249,SP,SP,True,05
2026-09-02,Wed,18,1,8,579,567,SP,SP,True,18
2026-09-03,Thu,65,6,5,899,690,DP,SP,True,65
2026-09-04,Fri,70,7,0,223,244,DP,DP,True,70
2026-09-05,Sat,63,6,3,150,148,SP,SP,True,63
2026-09-07,Mon,96,9,6,450,114,SP,DP,True,96
2026-09-08,Tue,76,7,6,359,169,SP,SP,True,76
2026-09-09,Wed,27,2,7,589,188,SP,DP,True,27
2026-09-10,Thu,15,1,5,579,113,SP,DP,True,15
2026-09-11,Fri,59,5,9,780,289,SP,SP,True,59
2026-09-12,Sat,15,1,5,560,249,SP,SP,True,15
2026-09-14,Mon,00,0,0,299,136,DP,SP,True,00
2026-09-15,Tue,58,5,8,348,800,SP,DP,True,58
2026-09-16,Wed,50,5,0,159,235,SP,SP,True,50
2026-09-17,Thu,58,5,8,447,233,DP,DP,True,58
2026-09-18,Fri,73,7,3,700,238,DP,SP,True,73
2026-09-19,Sat,43,4,3,266,247,DP,SP,True,43
2026-09-21,Mon,24,2,4,679,455,SP,DP,True,24
2026-09-22,Tue,65,6,5,169,140,SP,SP,True,65
2026-09-23,Wed,11,1,1,489,146,SP,SP,True,11
2026-09-24,Thu,05,0,5,235,140,SP,SP,True,05
2026-09-25,Fri,27,2,7,156,133,SP,DP,True,27
2026-09-26,Sat,16,1,6,290,114,SP,DP,True,16
2026-09-28,Mon,17,1,7,560,700,SP,DP,True,17
2026-09-29,Tue,22,2,2,147,679,SP,SP,True,22
2026-09-30,Wed,88,8,8,477,369,DP,SP,True,88
2026-10-01,Thu,18,1,8,399,567,DP,SP,True,18
2026-10-02,Fri,84,8,4,378,347,SP,SP,True,84
2026-10-03,Sat,98,9,8,234,350,SP,SP,True,98
2026-10-05,Mon,16,1,6,678,457,SP,SP,True,16
2026-10-06,Tue,47,4,7,167,115,SP,DP,True,47
2026-10-07,Wed,54,5,4,456,130,SP,SP,True,54
2026-10-08,Thu,56,5,6,258,150,SP,SP,True,56
2026-10-09,Fri,39,3,9,490,270,SP,SP,True,39
